,CHLA,ALK,TDP,TDN,K,MG,SRSI,MN,CL,FE,SO4,DOC,NO3,PARTN,NA,COND,NH3,DIC,PARTP,PH,CA,NO2,PARTC,SECCHI_DEPTHS,MEAN_DAILY_DISCHARGE,clusters
0,1.6475,146.8,3.0,295.0,0.35,0.69,2.457,0.0,0.2,0.265,1.36,1238.5,46.0,45.0,0.98,29.0,17.0,190.0,4.0,6.67,2.545,1.0,400.0,4.25,0.004,0
1,2.78,155.0,3.0,234.0,0.45,0.81,2.089,0.0233,0.25,0.02,2.26,598.0,21.0,93.0,1.08,27.0,17.0,155.0,6.0,6.96,2.87,1.0,3754.0,3.5,0.004,0
2,2.13,103.0,11.0,634.0,0.35,0.0,4.885,0.0,0.13,0.5,1.8,1871.0,32.0,169.0,1.68,25.0,17.0,184.0,9.0,5.96,3.49,2.0,1416.0,4.25,0.02,3
3,0.03,0.0,15.0,657.0,0.25,0.61,3.731,0.0,0.13,0.48,1.18,2910.0,0.0,27.0,0.79,38.0,17.0,227.0,3.0,4.92,1.54,3.0,683.0,4.25,0.003,2
4,0.11,13.0,9.0,486.0,0.11,0.62,4.19,0.0,0.17,0.34,2.56,1488.0,33.0,0.0,0.9,21.0,17.0,157.0,3.0,5.01,1.83,1.0,328.0,4.25,0.0123,2
5,3.37,150.0,4.0,267.0,0.47,0.82,2.165,0.0,0.27,0.04,2.24,594.0,15.0,79.0,1.11,21.0,17.0,147.0,6.0,6.96,2.83,1.0,1363.0,4.25,0.0512,0
6,3.75,245.0,2.0,255.0,0.36,0.81,0.4035,0.0163,0.2,0.0,1.58,556.0,9.0,39.5,0.65,21.5,17.0,158.0,6.0,6.83,2.01,0.5,521.5,4.25,0.004,0
7,0.33,88.0,10.0,574.0,0.31,0.79,4.391,0.0,0.07,0.31,1.53,2046.0,28.0,42.0,1.19,24.0,17.0,184.0,6.0,5.71,2.94,2.0,526.0,4.25,0.075,2
8,0.04,0.0,12.0,506.0,0.17,0.56,3.17,0.0216,0.1,0.6,1.06,2430.0,4.0,51.0,0.68,25.0,17.0,131.0,4.0,4.53,1.52,3.0,724.0,4.25,0.011,2
9,0.22,18.0,6.0,417.0,0.09,0.52,3.748,0.0,0.1,0.24,2.07,1703.0,5.0,14.0,0.69,21.0,17.0,168.0,5.0,4.84,1.62,1.0,454.0,4.25,0.0433,2
10,3.57,152.0,2.0,234.0,0.41,0.77,2.178,0.0,0.25,0.0,2.32,637.0,18.0,72.0,1.05,27.0,17.0,189.0,6.0,6.88,2.75,0.0,769.0,4.25,0.1106,0
11,2.51,166.0,2.0,196.0,0.41,0.76,2.191,0.0,0.25,0.0,2.32,604.0,9.0,64.0,1.03,27.0,17.0,183.0,4.0,7.05,2.71,1.0,715.0,3.0,0.004,0
12,1.6475,175.0,9.0,508.0,0.34,0.87,4.618,0.0,0.16,0.34,1.78,1843.0,8.0,320.0,1.36,29.0,17.0,265.0,45.0,6.22,3.26,2.0,3628.0,4.25,0.01,3
13,1.6475,0.0,9.0,476.0,0.2,0.46,4.454,0.0,2.96,0.47,1.41,2659.0,1.0,34.0,0.7,31.0,17.0,258.0,4.0,4.21,1.23,3.0,572.0,4.25,0.002,2
14,1.6475,21.0,6.0,420.0,0.08,0.5,4.311,0.0,0.14,0.31,2.38,1557.0,11.0,14.0,0.8,23.0,17.0,290.0,2.0,4.8,1.61,2.0,349.0,4.25,0.006,2
15,1.6475,162.0,3.0,205.0,0.41,0.76,2.257,0.0,0.24,0.0,2.2,610.0,8.0,51.0,1.05,27.0,17.0,187.0,4.0,6.98,2.73,1.0,963.0,4.25,0.0834,0
16,1.875,242.0,2.0,215.0,0.37,0.805,0.35,0.0,0.205,0.0,1.555,575.0,1.0,59.0,0.67,22.0,17.0,140.5,9.0,6.94,1.995,0.0,742.0,4.25,0.004,0
17,1.6475,174.0,10.0,557.0,0.29,1.0,5.006,0.0,0.1,0.37,1.42,1957.0,12.0,5.0,1.58,30.0,17.0,249.0,4.0,6.21,3.66,2.0,315.0,4.25,0.006,3
18,1.6475,0.0,11.0,543.0,0.18,0.51,4.678,0.0,0.12,0.52,1.06,3014.0,0.0,32.0,0.8,36.0,17.0,245.0,30.0,4.27,1.36,4.0,854.0,4.25,0.0011,2
19,1.6475,25.0,5.0,402.0,0.06,0.51,4.767,0.0,0.17,0.3,2.32,1640.0,9.0,0.0,0.83,21.0,17.0,293.0,7.0,4.96,1.65,2.0,466.0,4.25,0.0031,2
20,1.6475,163.0,2.0,228.0,0.42,0.76,2.139,0.0,0.25,0.0,2.3,615.0,0.0,42.0,1.05,26.0,17.0,173.0,7.0,7.05,2.69,1.0,797.0,4.25,0.0543,0
21,0.69,332.0,2.0,169.0,0.415,0.67,0.754,0.0,0.21,0.0,1.675,324.0,0.5,0.0,0.765,25.0,17.0,184.5,6.5,7.21,2.875,0.0,528.0,5.0,0.004,0
22,1.6475,150.0,10.0,648.0,0.25,1.02,5.073,0.0,0.05,0.57,1.16,2188.0,16.0,0.0,1.69,30.0,17.0,230.0,2.0,6.13,4.23,2.0,332.0,4.25,0.017,3
23,1.6475,0.0,8.0,579.0,0.14,0.59,4.542,0.0,0.1,0.6,0.75,3030.0,0.0,0.0,0.89,36.0,17.0,252.0,4.0,4.2,1.55,3.0,450.0,4.25,0.0026,2
24,1.6475,18.0,6.0,511.0,0.04,0.61,4.769,0.0,0.12,0.41,2.16,1840.0,5.0,0.0,1.01,22.0,17.0,304.0,2.0,4.86,1.99,2.0,296.0,4.25,0.0056,2
25,1.6475,149.0,2.0,248.0,0.44,0.85,2.089,0.0,0.24,0.0,2.18,662.0,1.0,30.0,1.15,27.0,17.0,169.0,7.0,7.05,2.94,0.0,986.0,4.25,0.0551,0
26,1.385,234.0,3.0,246.0,0.395,0.855,0.3005,0.0,0.19,0.0,1.49,576.0,0.5,0.0,0.705,21.0,17.0,133.0,6.0,7.08,2.08,1.0,788.5,4.25,0.004,0
27,1.6475,257.0,15.0,773.0,0.1,0.62,5.324,0.0152,0.11,0.44,1.83,2209.0,24.0,0.0,1.08,38.0,17.0,355.0,9.0,6.4,2.04,3.0,1114.0,4.25,0.001,2
28,1.6475,0.0,10.0,637.0,0.18,0.68,4.899,0.0,0.12,0.7,0.54,3470.0,4.0,81.0,1.03,35.0,17.0,269.0,30.0,4.26,1.85,4.0,3127.0,4.25,0.0001,1
29,1.6475,24.0,8.0,522.0,0.4,1.32,4.433,0.0216,0.18,0.69,0.97,1861.0,4.0,0.0,2.25,22.0,17.0,394.0,5.0,4.94,5.46,2.0,534.0,4.25,0.0007,3
30,1.6475,162.0,3.0,226.0,0.46,0.86,2.103,0.0,0.23,0.0,2.19,641.0,0.0,0.0,1.18,37.0,17.0,170.0,4.0,7.26,3.0,1.0,735.0,4.25,0.0293,0
31,0.52,168.0,2.0,171.0,0.42,0.65,0.734,0.0,0.22,0.0,1.69,333.0,1.0,0.0,0.74,25.0,17.0,182.0,3.0,7.23,2.86,0.0,393.0,7.75,0.004,0
32,1.315,152.0,3.0,252.5,0.45,0.815,2.059,0.0,0.255,0.0,2.215,629.5,1.0,0.0,1.135,22.0,17.0,162.0,4.5,7.22,2.92,0.0,501.0,3.25,0.004,0
33,1.6475,0.0,8.0,601.0,0.14,0.71,5.259,0.0,0.09,0.68,0.28,3646.0,0.0,0.0,1.03,36.0,17.0,255.0,3.0,4.25,1.97,5.0,372.0,4.25,0.001,1
34,1.6475,35.0,8.0,557.0,0.07,0.61,4.929,0.0,0.06,0.46,1.38,2056.0,3.0,0.0,0.99,21.0,17.0,348.0,4.0,4.97,2.01,2.0,407.0,4.25,0.001,2
35,1.6475,202.0,5.0,241.0,0.48,0.84,2.113,0.0,0.24,0.0,2.19,636.0,3.0,315.0,1.18,27.0,17.0,161.0,32.0,7.17,2.96,0.0,10160.0,4.25,0.0218,0
36,1.005,253.0,2.5,300.0,0.4,0.815,0.255,0.0,0.195,0.01,1.42,572.5,1.0,11.5,0.705,21.0,17.0,132.5,4.5,6.91,2.005,0.0,570.5,4.25,0.004,0
37,1.6475,146.8,18.0,815.0,0.25,1.47,6.017,0.0,0.08,0.75,0.66,2339.0,43.0,14.0,2.08,36.0,17.0,302.0,4.0,6.43,5.59,3.0,541.0,4.25,0.004,3
38,1.6475,0.0,9.0,723.0,0.11,0.71,4.604,0.0,0.09,0.67,0.23,3736.0,2.0,0.0,1.0,38.0,17.0,280.0,6.0,4.21,2.0,4.0,1147.0,4.25,0.0011,1
39,1.6475,24.0,9.0,630.0,0.09,0.69,5.218,0.0,0.07,0.57,0.96,2512.0,3.0,0.0,1.06,22.0,17.0,438.0,3.0,4.96,2.35,2.0,476.0,4.25,0.0011,2
40,1.6475,152.0,3.0,249.0,0.47,0.83,2.008,0.0,0.24,0.0,2.19,618.0,2.0,21.0,1.22,26.0,17.0,148.0,4.0,7.42,2.93,0.0,733.0,4.25,0.0225,0
41,0.495,326.0,2.5,184.0,0.44,0.675,0.7085,0.0,0.195,0.0,1.695,331.0,1.5,0.0,0.81,24.5,17.0,181.5,3.0,7.29,2.935,0.0,299.5,9.0,0.004,0
42,1.8,318.0,2.0,245.0,0.485,0.855,2.053,0.0,0.255,0.0,2.195,608.0,2.5,62.0,1.235,26.5,17.0,166.5,4.0,7.23,3.02,0.5,516.5,3.1,0.004,0
43,1.6475,238.0,21.0,869.0,0.25,1.47,6.804,0.0,0.12,0.79,0.75,2268.0,50.0,0.0,2.06,35.0,17.0,310.0,6.0,6.35,5.56,2.0,718.0,4.25,0.005,3
44,1.6475,29.0,9.0,621.0,0.1,0.68,5.244,0.0,0.11,0.67,0.73,2408.0,4.0,37.0,1.06,21.0,17.0,445.0,4.0,4.94,2.29,2.0,451.0,4.25,0.0015,2
45,1.6475,161.0,3.0,290.0,0.51,0.84,2.019,0.0,0.55,0.0,2.25,621.0,3.0,0.0,1.3,27.0,17.0,159.0,4.0,7.24,3.0,0.0,512.0,4.25,0.018,0
46,3.29,256.0,2.5,245.5,0.43,0.88,0.228,0.0,0.19,0.0,1.415,606.5,1.5,13.0,0.76,21.0,17.0,133.5,4.5,7.03,2.15,0.0,542.0,4.25,0.004,0
47,1.6475,166.0,1.0,272.0,0.48,0.87,2.026,0.0,0.26,0.0,2.19,614.0,2.0,848.0,1.25,28.0,17.0,158.0,4.0,7.41,3.06,0.0,658.0,4.25,0.0101,0
48,0.31,165.0,2.0,195.0,0.35,0.69,0.683,0.0,0.2,0.265,1.36,320.0,3.0,21.0,0.98,25.0,17.0,182.0,3.0,7.14,2.545,0.0,549.0,7.0,0.004,0
49,1.77,333.0,3.0,229.5,0.48,0.835,1.9915,0.0,0.235,0.0,2.165,608.5,1.5,28.0,1.205,27.0,17.0,168.0,6.0,7.28,2.96,0.0,738.0,4.5,0.004,0
50,1.6475,242.0,21.0,887.0,0.19,1.45,6.493,0.0,0.06,0.94,0.5,2651.0,40.0,46.0,1.89,35.0,17.0,298.0,6.0,6.33,5.74,3.0,1006.0,4.25,0.011,3
51,1.6475,0.0,10.0,740.0,0.06,0.81,4.153,0.0,0.07,0.73,0.1,4336.0,3.0,0.0,1.01,42.0,17.0,316.0,4.0,4.17,2.29,4.0,520.0,4.25,0.0025,1
52,1.6475,159.0,3.0,245.0,0.47,0.82,1.947,0.0,0.24,0.0,2.11,611.0,2.0,37.0,1.2,27.0,17.0,171.0,5.0,7.27,2.91,0.0,713.0,4.25,0.0187,0
53,1.305,251.0,2.5,263.5,0.405,0.835,0.229,0.0,0.18,0.0,1.385,603.0,2.0,35.0,0.735,21.0,17.0,137.0,3.5,7.02,2.04,0.0,690.5,4.25,0.004,0
54,1.6475,241.0,23.0,920.0,0.19,1.47,6.333,0.0217,0.06,1.08,0.46,2999.0,41.0,22.0,1.79,36.0,17.0,317.0,4.0,6.11,5.96,3.0,763.0,4.25,0.006,3
55,1.6475,0.0,8.0,713.0,0.06,0.79,3.982,0.0,0.04,0.74,0.12,4295.0,3.0,0.0,0.94,42.0,17.0,326.0,2.0,4.44,2.24,4.0,512.0,4.25,0.0008,1
56,1.6475,44.0,10.0,756.0,0.09,0.75,4.877,0.0,0.15,0.76,0.44,2796.0,4.0,11.0,1.07,23.0,17.0,318.0,4.0,4.89,2.57,2.0,634.0,4.25,0.0002,2
57,1.6475,179.0,3.0,266.0,0.44,0.81,1.998,0.0,0.24,0.0,2.12,608.0,1.0,27.0,1.18,26.0,17.0,158.0,2.0,7.4,2.91,0.0,987.0,4.25,0.0234,0
58,2.375,346.0,4.0,227.0,0.475,0.835,1.9635,0.0,0.24,0.0,2.15,608.5,1.0,32.0,1.215,27.0,17.0,167.5,4.0,7.23,2.96,0.0,548.5,4.0,0.004,0
59,1.6475,146.8,25.0,905.0,0.29,1.82,6.631,0.022,0.08,1.17,0.49,2668.0,57.0,42.0,2.2,45.0,17.0,405.0,7.0,6.5,7.17,3.0,1044.0,4.25,0.001,3
60,1.6475,146.8,7.0,754.0,0.12,0.85,4.508,0.0,0.09,0.85,0.13,4475.0,4.0,137.0,1.03,41.0,17.0,322.0,9.0,4.21,2.48,4.0,3503.0,4.25,0.0002,1
61,1.6475,146.8,9.0,699.0,0.07,0.71,5.022,0.0,0.11,0.79,0.41,2578.0,3.0,28.0,1.09,22.0,17.0,348.0,5.0,5.04,2.42,2.0,805.0,4.25,0.0002,2
62,1.6475,146.8,2.0,221.0,0.45,0.82,1.981,0.0,0.24,0.0,2.17,627.0,2.0,27.0,1.2,27.0,17.0,155.0,5.0,7.61,2.93,0.0,608.0,4.25,0.0141,0
63,1.6475,167.0,2.0,277.0,0.47,0.82,2.018,0.0,0.26,0.02,2.15,624.0,3.0,31.0,1.24,26.0,17.0,153.0,3.0,7.63,2.92,0.0,682.0,4.25,0.0094,0
64,0.89,174.0,2.0,168.0,0.43,0.68,0.661,0.0,0.22,0.0,1.58,340.0,2.0,21.0,0.84,24.0,17.0,188.0,2.0,7.37,2.96,0.0,502.0,7.25,0.004,0
65,2.16,348.0,1.5,207.0,0.42,0.8,2.0365,0.0,0.24,0.0,2.13,603.0,1.0,39.5,1.09,26.5,17.0,163.5,5.0,7.33,2.82,0.0,730.5,4.5,0.004,0
66,1.6475,179.0,2.0,212.0,0.42,0.82,2.03,0.0,0.25,0.0,2.06,603.0,1.0,33.0,1.13,26.0,17.0,168.0,4.0,7.37,2.85,0.0,782.0,4.25,0.0039,0
67,1.49,135.0,2.0,256.0,0.38,0.83,0.219,0.0,0.21,0.0,1.31,586.0,1.0,12.0,0.72,20.0,17.0,130.0,2.0,7.09,2.03,0.0,596.0,4.25,0.004,0
68,1.6475,189.0,15.0,700.0,0.18,1.12,6.886,0.0,0.1,0.7,1.86,2168.0,42.0,23.0,1.75,34.0,17.0,322.0,5.0,6.15,4.57,2.0,597.0,4.25,0.007,3
69,1.6475,0.0,9.0,733.0,0.05,0.89,4.454,0.0,0.07,0.8,0.26,4960.0,3.0,0.0,0.87,41.0,17.0,328.0,4.0,4.12,2.54,4.0,589.0,4.25,0.0016,1
70,1.6475,38.0,16.0,773.0,0.08,0.79,6.482,0.0146,0.17,0.79,0.93,2892.0,5.0,16.0,0.93,25.0,17.0,432.0,5.0,4.9,2.67,3.0,642.0,4.25,0.0012,2
71,1.4,170.0,2.0,162.0,0.4,0.64,0.614,0.0,0.2,0.0,1.64,342.0,1.0,0.0,0.75,24.0,17.0,175.0,4.0,7.32,2.81,0.0,438.0,6.25,0.004,0
72,1.9,347.0,2.0,233.5,0.42,0.805,1.9265,0.0,0.225,0.0,1.215,601.0,2.0,31.0,1.1,27.0,17.0,170.5,3.5,7.37,2.81,0.0,622.0,3.0,0.004,0
73,1.6475,172.0,3.0,236.0,0.41,0.79,1.925,0.0,0.22,0.0,2.14,597.0,1.0,38.0,1.05,27.0,17.0,157.0,4.0,7.54,2.77,0.0,831.0,4.25,0.004,0
74,1.65,260.0,3.0,249.0,0.35,0.79,0.2065,0.0,0.18,0.0,1.3,612.0,4.5,14.0,0.645,20.5,17.0,131.5,3.0,7.07,1.9,0.0,523.5,4.25,0.004,0
75,1.6475,184.0,17.0,869.0,0.21,1.24,6.448,0.0,0.11,0.89,1.04,3365.0,7.0,11.0,1.62,33.0,17.0,253.0,5.0,6.05,5.04,2.0,571.0,4.25,0.017,3
76,1.6475,0.0,11.0,808.0,0.12,0.89,3.8,0.0,0.11,0.87,0.25,5242.0,2.7,0.0,0.83,49.0,17.0,376.0,2.0,4.09,2.52,5.0,600.0,4.25,0.0014,1
77,1.6475,56.0,11.0,787.0,0.07,0.84,6.008,0.0162,0.33,0.92,0.65,3329.0,2.0,0.0,0.95,28.0,17.0,433.0,4.0,4.92,2.91,3.0,639.0,4.25,0.0006,1
78,1.6475,165.0,2.0,212.0,0.42,0.79,1.918,0.0,0.23,0.0,2.1,623.0,1.0,45.0,1.08,27.0,17.0,159.0,4.0,7.45,2.78,1.0,790.0,4.25,0.0154,0
79,2.11,351.0,3.5,239.5,0.44,0.775,1.9275,0.0,0.23,0.0,2.08,524.007665,1.0,38.5,1.085,26.5,17.0,175.0,4.0,7.25,2.85,0.0,663.5,4.75,0.004,0
80,1.6475,283.0,18.0,741.0,0.27,1.39,7.161,0.0,0.11,0.67,0.8,2285.83605,9.0,17.0,1.88,39.0,17.0,410.0,6.0,6.26,5.57,2.0,669.0,4.25,0.002,3
81,1.6475,0.0,18.0,870.0,0.15,0.87,4.903,0.0,0.14,0.95,0.17,4666.41844,0.0,45.0,0.88,43.0,17.0,317.0,5.0,4.22,2.62,5.0,1335.0,4.25,0.0,1
82,1.6475,60.0,10.0,655.0,0.02,0.69,5.293,0.0,0.25,0.68,0.7,2400.99899,1.0,66.0,0.97,23.0,17.0,241.0,7.0,5.13,2.32,2.0,1268.0,4.25,0.0001,2
83,1.6475,165.0,3.0,221.0,0.42,0.79,1.933,0.0,0.25,0.0,2.15,621.0,1.0,47.0,1.09,26.0,17.0,162.0,4.0,7.51,2.77,0.0,850.0,4.25,0.0068,0
84,2.735,277.0,2.0,256.0,0.355,0.81,0.292,0.0,0.17,0.01,1.235,631.5,1.0,27.0,0.665,20.0,17.0,129.5,3.5,7.06,1.915,0.0,527.0,4.25,0.004,0
85,1.6475,60.0,10.0,694.0,0.11,0.67,5.875,0.0,0.31,0.7,0.62,2425.0,3.0,63.0,1.08,21.0,17.0,359.0,6.0,5.12,2.08,2.0,1117.0,4.25,0.0,2
86,1.6475,164.0,2.0,258.0,0.42,0.8,1.909,0.0,0.25,0.0,2.05,616.0,1.0,41.0,1.14,26.0,17.0,169.0,4.0,7.22,2.76,0.0,839.0,4.25,0.0036,0
87,2.525,342.0,2.0,251.5,0.445,0.805,1.916,0.0,0.27,0.0,2.13,626.5,1.0,25.0,1.11,27.5,17.0,186.5,4.0,7.14,2.81,0.0,561.5,5.25,0.004,0
88,1.6475,170.0,2.0,247.0,0.43,0.8,1.903,0.0,0.27,0.0,2.15,609.0,1.0,33.0,1.1,27.0,17.0,168.0,4.0,7.26,2.78,0.0,760.0,4.25,0.0015,0
89,3.255,270.0,3.0,262.0,0.36,0.77,0.229,0.0,0.2,0.0,1.3,615.0,1.0,25.5,0.64,20.0,17.0,145.0,4.0,6.97,1.88,0.0,605.5,4.25,0.004,0
90,0.99,175.0,2.0,186.0,0.35,0.58,0.545,0.0,0.19,0.0,1.6,351.0,1.0,39.15,0.65,24.0,17.0,177.0,4.0,7.29,2.6,0.0,454.25,6.0,0.004,0
91,1.6475,214.0,16.0,1103.0,0.44,1.56,7.677,0.0,0.62,0.59,1.72,1939.0,470.0,39.15,2.25,42.0,17.0,300.0,4.0,6.41,5.25,3.0,454.25,4.25,0.009,3
92,1.6475,0.0,14.0,901.0,0.09,1.22,5.406,0.0,0.19,0.97,0.43,5931.0,0.0,39.15,0.84,54.0,17.0,308.0,4.0,4.07,3.35,5.0,454.25,4.25,0.0019,1
93,1.6475,43.0,17.0,734.0,0.1,0.86,7.884,0.0,0.44,0.77,0.55,2821.0,10.0,39.15,1.02,26.0,17.0,431.0,4.0,4.96,2.8,3.0,454.25,4.25,0.0016,2
94,1.6475,170.0,3.0,209.0,0.38,0.86,1.965,0.0,0.25,0.0,1.73,582.0,2.0,39.15,0.98,28.0,17.0,196.0,7.0,6.97,3.05,0.0,454.25,4.25,0.0004,0
95,1.6475,190.0,12.0,763.0,0.33,1.3,7.759,0.0,0.37,0.64,0.99,2402.0,80.0,39.15,2.09,35.0,17.0,242.0,4.0,6.34,4.67,2.0,454.25,4.25,0.008,3
96,1.6475,46.0,11.0,698.0,0.11,0.86,7.845,0.0158,0.4,0.78,0.73,2721.0,9.0,39.15,1.24,24.0,17.0,435.0,3.0,5.04,2.69,3.0,454.25,4.25,0.0005,2
97,1.6475,179.0,3.0,218.0,0.46,0.89,2.006,0.0,0.25,0.0,1.39,584.0,9.0,39.15,1.17,28.0,17.0,212.0,7.0,6.83,2.99,0.0,454.25,4.25,0.0037,0
98,3.33,184.0,3.0,243.0,0.44,0.84,2.038,0.0,0.25,0.0,1.38,574.0,10.0,39.15,1.02,27.0,17.0,218.0,5.0,6.75,2.87,0.0,454.25,4.625,0.004,0
99,1.415,355.0,2.5,182.5,0.395,0.68,0.5905,0.06345,0.165,0.0,0.88,340.0,2.0,39.15,0.675,24.5,17.0,232.5,4.0,6.81,2.84,0.0,454.25,5.5,0.004,0
100,1.09,125.0,3.0,299.0,0.36,0.75,0.6,0.0178,0.19,0.02,1.36,508.0,52.0,36.0,0.63,21.0,17.0,214.0,8.0,6.39,1.94,0.0,421.6,4.25,0.004,0
101,1.9,146.8,4.0,261.0,0.43,0.76,2.201,0.0,0.2,0.0,1.84,509.0,37.0,36.0,1.04,27.0,17.0,234.0,4.0,6.64,2.79,1.0,398.2,4.0,0.004,0
102,1.6475,138.0,10.0,455.0,0.36,0.81,4.842,0.0,0.09,0.27,1.5,1363.0,13.0,0.0,1.45,25.0,17.0,218.0,2.0,6.22,3.11,3.0,266.9,4.25,0.013,3
103,1.6475,0.0,9.0,503.0,0.28,0.36,4.886,0.0,0.07,0.38,0.99,2082.0,3.0,0.0,0.71,32.0,17.0,232.0,3.0,4.29,1.03,4.0,307.1,4.25,0.0014,2
104,1.6475,18.0,7.0,482.0,0.19,0.4,3.925,0.0,0.11,0.25,1.84,1154.0,11.0,29.0,0.81,19.0,17.0,247.0,3.0,4.98,1.31,2.0,240.3,4.25,0.0037,2
105,1.6475,164.0,4.0,269.0,0.43,0.75,0.013,0.0,0.22,0.02,1.84,514.0,48.0,41.0,1.09,26.0,17.0,220.0,3.0,6.67,2.77,1.0,325.6,4.25,0.004,0
106,1.51,177.0,4.0,198.0,0.37,0.62,0.814,0.0628,0.18,0.0,1.39,254.0,11.0,44.0,0.73,25.0,17.0,234.0,5.0,7.02,2.83,1.0,383.3,4.0,0.004,0
107,1.6475,184.0,9.0,488.0,0.44,1.04,4.655,0.0,0.1,0.35,1.7,1498.0,6.0,23.0,1.88,29.0,17.0,266.0,3.0,6.43,4.02,1.0,291.9,4.25,0.01,3
108,1.6475,0.0,11.0,526.0,0.28,0.41,5.357,0.0,0.09,0.46,1.01,2400.0,2.0,42.0,0.78,32.0,17.0,247.0,4.0,4.66,1.18,2.0,298.7,4.25,0.0008,2
109,1.6475,329.0,2.0,223.5,0.475,0.835,2.2555,0.0,0.225,0.0,2.055,507.5,14.0,67.5,1.17,26.5,17.0,198.0,5.0,6.94,3.095,1.0,525.5,4.25,0.004,0
110,4.35,167.0,3.0,248.0,0.51,0.89,2.314,0.0,0.25,0.0,2.19,515.0,10.0,62.0,1.24,27.0,17.0,204.0,7.0,6.94,3.32,1.0,518.5,3.25,0.004,0
111,1.6475,154.0,8.0,561.0,0.39,0.92,5.665,0.0,0.12,0.31,1.71,1500.0,13.0,30.0,1.79,27.0,17.0,206.0,3.0,6.41,3.56,1.0,204.4,4.25,0.015,3
112,1.6475,0.0,9.0,519.0,0.28,0.45,4.862,0.0,0.11,0.46,0.94,2334.0,2.0,24.0,0.83,32.0,17.0,236.0,5.0,4.27,1.29,2.0,243.8,4.25,0.002,2
113,1.6475,19.0,6.0,427.0,0.12,0.47,4.489,0.0,0.09,0.32,1.79,1359.0,15.0,0.0,0.96,21.0,17.0,280.0,3.0,4.9,1.63,1.0,134.5,4.25,0.0032,2
114,1.6475,331.0,2.5,310.0,0.555,0.825,2.2535,0.0,0.33,0.0,2.245,519.5,14.0,71.0,1.23,26.0,17.0,192.5,5.5,7.0,3.06,1.0,629.25,4.25,0.004,0
115,1.6475,232.0,12.0,716.0,0.59,1.17,4.507,0.0,0.26,0.42,1.37,1606.0,2.0,23.0,2.03,33.0,17.0,303.0,3.0,6.52,4.51,2.0,262.4,4.25,0.007,3
116,1.6475,0.0,11.0,533.0,0.24,0.45,5.033,0.0,0.12,0.5,0.58,2541.0,2.0,19.0,0.81,31.0,17.0,266.0,3.0,4.29,1.32,3.0,388.4,4.25,0.0009,2
117,1.6475,28.0,8.0,617.0,0.27,0.45,4.598,0.0,0.34,0.35,1.71,1472.0,7.0,21.0,1.05,19.0,17.0,359.0,2.0,4.96,1.57,2.0,285.3,4.25,0.0013,2
118,1.6475,172.0,9.0,227.0,0.44,0.82,2.158,0.0,0.25,0.0,2.16,537.0,2.0,132.0,1.13,26.0,17.0,189.0,12.0,7.01,3.04,0.0,1953.0,4.25,0.004,0
119,4.0,257.0,3.0,237.0,0.43,0.865,0.4875,0.0,0.2,0.0,1.36,500.0,2.0,68.0,0.725,20.0,17.0,143.0,7.5,7.05,2.23,0.0,581.25,4.25,0.004,0
120,1.6475,177.0,11.0,737.0,0.37,0.99,5.643,0.0,0.16,0.41,1.15,1995.0,9.0,30.0,1.78,28.0,17.0,241.0,3.0,6.21,3.96,2.0,318.4,4.25,0.023,3
121,1.6475,0.0,9.0,594.0,0.25,0.51,4.122,0.0,0.12,0.53,0.43,2791.0,2.0,29.0,0.9,34.0,17.0,267.0,4.0,4.19,1.52,3.0,438.3,4.25,0.004,2
122,1.6475,24.0,9.0,566.0,0.1,0.53,4.535,0.0,0.15,0.41,1.37,1989.0,2.0,41.0,1.03,19.0,17.0,273.0,6.0,4.89,1.88,3.0,631.0,4.25,0.0053,2
123,1.6475,163.0,4.0,265.0,0.42,0.78,2.053,0.0,0.28,0.0,2.16,547.0,2.0,83.0,1.07,25.0,17.0,171.0,9.0,7.18,2.85,0.0,1108.5,4.25,0.004,0
124,2.96,164.0,3.0,229.0,0.39,0.76,2.131,0.0,0.34,0.02,2.1,524.0,3.0,112.0,1.07,26.0,17.0,188.0,4.0,7.12,2.8,0.0,909.2,3.25,0.004,0
125,1.6475,179.0,11.0,637.0,0.24,1.04,5.251,0.0,0.13,0.47,1.19,1951.0,14.0,5.0,1.59,29.0,17.0,240.0,2.0,6.27,4.06,2.0,135.2,4.25,0.018,3
126,1.6475,0.0,9.5,539.0,0.215,0.495,4.0125,0.0,0.1,0.525,0.37,2809.5,6.5,7.0,0.875,34.0,17.0,256.5,2.0,4.23,1.425,2.5,1867.15,4.25,0.0026,2
127,1.6475,15.0,8.0,472.0,0.07,0.52,4.345,0.0,0.27,0.35,1.66,1679.0,5.0,0.0,1.02,26.0,17.0,214.0,2.0,4.82,1.82,2.0,186.4,4.25,0.0059,2
128,0.84,171.0,4.0,181.0,0.38,0.65,0.706,0.0,0.22,0.0,1.57,330.0,1.0,23.0,0.71,24.0,17.0,203.0,3.0,7.16,2.86,0.0,231.0,7.0,0.004,0
129,1.88,124.0,4.0,251.0,0.34,0.79,0.382,0.0,0.19,0.02,1.33,532.0,1.0,37.0,0.63,20.0,17.0,135.0,5.0,7.14,0.98,0.0,466.3,4.25,0.004,0
130,2.03,167.0,3.0,226.0,0.49,0.95,2.021,0.0,0.22,0.0,1.87,569.0,2.0,42.0,1.22,25.0,17.0,181.0,4.0,7.13,3.49,0.0,394.0,3.25,0.004,0
131,1.6475,620.0,14.0,747.0,0.29,1.205,3.14,0.0,0.105,0.59,0.91,1869.5,33.0,32.0,1.82,33.0,17.0,340.0,3.0,6.43,4.655,2.0,327.5,4.25,0.006,3
132,1.6475,0.0,8.0,588.0,0.17,0.53,4.636,0.0,0.08,0.58,0.25,3009.0,1.0,17.0,0.83,33.0,17.0,294.0,2.0,4.24,1.52,3.0,249.1,4.25,0.0009,2
133,1.6475,23.0,8.0,502.0,0.04,0.5,4.558,0.0,0.05,0.4,1.3,1718.0,4.0,15.0,0.9,19.0,17.0,514.0,1.0,4.87,1.71,2.0,164.2,4.25,0.002,2
134,1.6475,146.8,3.0,313.0,0.51,0.8,2.012,0.0,0.28,0.0,1.99,572.0,2.0,61.0,1.1,26.0,17.0,179.0,4.0,7.14,2.8,0.0,746.5,4.25,0.004,0
135,1.6475,207.0,13.0,761.0,0.24,1.13,5.833,0.0,0.14,0.61,0.74,2220.0,24.0,32.0,1.78,31.0,17.0,277.0,3.0,6.25,4.53,2.0,652.0,4.25,0.011,3
136,1.6475,0.0,8.0,612.0,0.1,0.54,4.358,0.0,0.08,0.58,0.21,3128.0,4.0,36.0,0.86,35.0,17.0,286.0,3.0,4.15,1.52,3.0,258.4,4.25,0.0015,2
137,1.6475,24.0,8.0,540.0,0.04,0.52,4.926,0.0,0.09,0.43,1.24,1951.0,2.0,23.0,1.0,21.0,17.0,288.0,3.0,4.82,1.84,2.0,269.5,4.25,0.0026,2
138,1.5,169.0,3.0,192.0,0.37,0.62,0.606,0.0,0.18,0.0,1.45,305.0,1.0,46.0,0.7,23.0,17.0,196.0,4.0,7.34,2.72,0.0,490.7,7.75,0.004,0
139,1.6,256.0,3.5,255.0,0.345,0.765,0.3415,0.0,0.21,0.0,1.365,505.5,0.5,65.0,0.635,20.0,17.0,138.0,3.5,7.11,1.885,0.0,507.75,4.25,0.004,0
140,1.6475,253.0,5.5,754.0,0.35,0.69,3.457,0.0,0.2,0.265,1.36,1238.5,2.7,39.15,0.98,25.125,17.0,227.0,4.0,6.35,2.545,1.0,454.25,4.25,0.003,0
141,1.6475,0.0,5.5,663.0,0.35,0.69,3.457,0.0,0.2,0.265,1.36,1238.5,2.7,39.15,0.98,25.125,17.0,227.0,4.0,6.35,2.545,1.0,454.25,4.25,0.0002,2
142,1.6475,22.0,5.5,590.0,0.35,0.69,3.457,0.0,0.2,0.265,1.36,1238.5,2.7,39.15,0.98,25.125,17.0,227.0,4.0,6.35,2.545,1.0,454.25,4.25,0.001,0
143,3.1,163.0,3.0,248.0,0.39,0.78,1.986,0.0,0.26,0.02,2.15,601.0,3.0,61.0,1.04,25.0,17.0,171.0,3.0,7.06,2.78,1.0,446.5,2.75,0.004,0
144,1.6475,98.0,11.0,718.0,0.08,0.85,4.478,0.0,0.03,0.5,0.56,2277.0,7.0,45.0,1.04,24.0,17.0,235.0,6.0,5.6,3.49,2.0,463.4,4.25,0.178,2
145,1.6475,0.0,9.0,570.0,0.07,0.47,2.797,0.0179,0.07,0.4,0.21,2688.0,2.0,42.0,0.64,36.0,17.0,362.0,6.0,4.18,1.41,3.0,369.8,4.25,0.0157,2
146,1.6475,13.0,8.0,681.0,0.08,0.53,4.091,0.0,0.08,0.29,1.09,1922.0,1.0,39.0,0.67,25.0,17.0,284.0,4.0,7.1,1.84,1.0,260.2,4.25,0.0679,2
147,1.6475,161.0,2.0,288.0,0.41,0.77,1.991,0.0,0.22,0.0,1.8,602.0,4.0,55.0,1.05,22.0,17.0,168.0,5.0,4.72,2.74,1.0,481.8,4.25,0.004,0
148,1.6475,149.0,13.0,724.0,0.24,0.97,5.483,0.0,0.17,0.67,0.74,2047.0,19.0,32.0,1.32,26.0,17.0,287.0,3.0,5.92,3.91,3.0,250.4,4.25,0.046,3
149,1.6475,0.0,7.0,588.0,0.04,0.43,4.218,0.0153,0.06,0.58,0.45,2759.0,2.0,20.0,0.75,36.0,17.0,340.0,2.0,4.16,1.26,3.0,176.6,4.25,0.0054,2
150,1.6475,159.0,2.0,290.0,0.39,0.76,2.036,0.0,0.28,0.02,1.72,628.0,5.0,81.0,1.09,25.0,17.0,182.0,4.0,6.98,2.71,1.0,596.5,4.25,0.004,0
151,1.6475,172.0,20.0,810.0,0.14,1.05,5.852,0.0,0.08,0.86,0.71,2088.0,33.0,46.0,1.37,29.0,17.0,328.0,4.0,6.01,4.33,4.0,336.2,4.25,0.023,3
152,1.6475,0.0,8.0,593.5,0.06,0.43,4.5455,0.0,0.055,0.565,0.4,2758.5,1.0,9.5,0.8,37.5,17.0,374.0,2.0,4.17,1.215,4.0,210.55,4.25,0.0031,2
153,1.6475,16.0,6.0,520.0,0.02,0.45,4.853,0.0,0.05,0.34,1.34,1707.0,1.0,16.0,0.77,20.0,17.0,357.0,2.0,4.78,1.62,2.0,121.9,4.25,0.009,2
154,1.6475,155.0,2.0,287.0,0.41,0.76,2.085,0.0,0.24,0.02,1.78,675.0,3.0,71.0,1.07,25.0,17.0,159.0,5.0,7.07,2.7,0.0,609.5,4.25,0.004,0
155,1.59,164.0,2.0,198.0,0.36,0.62,0.54,0.0,0.16,0.0,1.32,333.0,2.0,51.0,0.69,22.0,17.0,191.0,4.0,7.21,2.67,0.0,454.5,4.5,0.004,0
156,2.4,113.0,2.0,291.0,0.32,0.75,3.457,0.0,0.16,0.02,1.18,583.0,0.0,56.0,0.62,18.0,17.0,134.0,5.0,6.46,1.81,0.0,546.0,4.25,0.004,0
157,3.18,153.0,3.0,264.0,0.36,0.75,2.089,0.0,0.22,0.02,1.87,676.0,1.0,65.0,1.01,24.0,17.0,168.0,4.0,7.01,2.71,0.0,544.0,3.5,0.004,0
158,1.6475,187.0,21.0,851.0,0.17,1.04,6.298,0.0,0.12,0.86,0.62,2202.0,30.0,30.0,1.36,28.0,17.0,279.0,4.0,6.08,4.34,4.0,346.2,4.25,0.017,3
159,1.6475,0.0,10.0,643.0,0.05,0.46,4.616,0.0,0.05,0.6,0.3,2848.0,1.0,18.0,0.79,36.0,17.0,375.0,3.0,4.1,1.28,5.0,188.2,4.25,0.004,1
160,1.6475,13.0,8.0,535.0,0.01,0.47,5.388,0.0,0.05,0.32,1.11,1841.0,1.0,23.0,0.84,20.0,17.0,191.0,3.0,4.71,1.7,2.0,172.2,4.25,0.0066,2
161,1.6475,316.0,3.0,256.0,0.355,0.755,2.1145,0.0,0.205,0.02,1.84,689.5,0.0,54.5,1.015,24.0,17.0,160.0,3.0,7.01,2.725,1.0,540.5,4.25,0.004,0
162,1.6475,130.0,18.0,757.0,0.08,0.96,5.287,0.0,0.08,0.77,0.48,2420.0,12.0,40.0,1.08,26.0,17.0,287.0,4.0,5.7,3.92,4.0,250.4,4.25,0.081,2
163,1.6475,0.0,10.0,618.0,0.07,0.47,3.771,0.0,0.09,0.53,0.24,2967.0,2.0,32.0,0.68,35.0,17.0,375.0,3.0,4.14,1.35,4.0,285.7,4.25,0.0074,2
164,1.6475,156.0,3.0,270.0,0.37,0.72,2.079,0.0,0.28,0.0,1.76,697.0,0.0,77.0,0.98,24.0,17.0,148.0,3.0,7.02,2.56,1.0,647.5,4.25,0.004,0
165,1.21,162.0,2.0,199.0,0.35,0.6,0.493,0.0,0.18,0.0,1.38,362.0,2.0,62.0,0.66,23.0,17.0,185.0,3.0,7.25,2.6,0.0,528.0,5.25,0.004,0
166,1.72,229.0,2.5,277.0,0.31,0.735,0.561,0.0,0.165,0.02,1.155,618.5,1.0,57.5,0.62,18.0,17.0,124.5,4.0,6.86,1.75,0.0,453.0,4.25,0.004,0
167,2.84,150.0,3.0,257.0,0.35,0.73,2.148,0.0,0.24,0.0,1.75,714.0,0.0,75.0,1.0,23.0,17.0,157.0,5.0,7.02,2.58,1.0,551.5,3.25,0.004,0
168,1.6475,126.0,18.0,864.0,0.12,0.95,5.65,0.0,3.63,0.65,0.52,2349.0,12.0,34.0,1.28,26.0,17.0,330.0,4.0,5.62,3.88,4.0,318.0,4.25,0.105,3
169,1.6475,0.0,13.0,707.0,0.06,0.54,3.965,0.0,2.73,0.58,0.17,3373.0,1.0,25.0,0.75,39.0,17.0,429.0,4.0,3.99,1.52,5.0,437.8,4.25,0.0083,1
170,1.6475,15.0,16.0,817.0,0.06,0.56,6.146,0.0176,0.13,0.71,0.44,3272.0,3.0,29.0,0.92,24.0,17.0,372.0,4.0,4.59,1.93,4.0,410.3,4.25,0.0108,1
171,1.6475,150.0,3.0,267.0,0.34,0.72,2.114,0.0,0.2,0.02,1.76,715.0,2.0,63.0,0.99,24.0,17.0,157.0,4.0,6.97,2.56,1.0,643.5,4.25,0.004,0
172,1.6475,146.8,5.5,402.0,0.1525,0.71,3.457,0.031125,0.1375,0.7575,0.2225,3571.25,2.7,39.15,1.083333333,25.125,17.0,227.0,4.0,4.34,2.0525,1.0,454.25,4.25,0.0063,2
173,1.6475,146.8,5.5,402.0,0.05,0.65,3.457,0.0234,0.11,0.6,0.63,2371.0,2.7,39.15,1.14,25.125,17.0,227.0,4.0,5.04,2.75,1.0,454.25,4.25,0.0081,2
174,1.6475,146.8,5.5,402.0,0.35,0.69,3.457,0.0,0.2,0.265,1.36,1238.5,2.7,39.15,0.98,25.125,17.0,227.0,4.0,4.21,2.545,1.0,454.25,4.25,0.0027,2
175,1.6475,146.8,5.5,402.0,0.01,0.54,3.457,0.017,0.09,0.57,0.66,2338.0,2.7,39.15,1.09,25.125,17.0,227.0,4.0,5.07,2.51,1.0,454.25,4.25,0.006,2
176,1.6475,230.0,26.0,918.0,0.23,1.34,6.814,0.0,0.14,1.26,0.41,2512.0,32.0,29.0,1.63,34.0,17.0,289.0,3.0,6.29,5.44,1.0,480.4,4.25,0.007,3
177,1.6475,0.0,18.0,838.0,0.11,0.59,5.034,0.0,0.1,0.89,0.12,3400.0,6.0,20.0,0.9,37.0,17.0,381.0,2.0,4.2,1.71,1.0,268.5,4.25,0.0007,1
178,1.6475,25.0,21.0,734.0,0.03,0.51,5.84,0.0,0.09,0.62,0.55,2104.0,4.0,20.0,0.93,20.0,17.0,463.0,3.0,4.84,1.96,0.0,221.8,4.25,0.002,2
179,1.54,168.0,3.5,188.5,0.355,0.61,0.4295,0.0,0.19,0.0,1.445,371.0,1.0,47.0,0.725,23.0,17.0,192.5,5.5,7.31,2.705,0.0,571.25,4.0,0.004,0
180,1.9,109.0,2.0,283.0,0.32,0.74,0.541,0.0,0.16,0.0,1.07,596.0,2.0,43.0,0.64,18.0,17.0,124.0,2.0,6.97,1.8,0.0,440.6,4.25,0.004,0
181,1.6475,146.8,5.5,402.0,0.085,0.665,3.457,0.0236,3.275,0.775,0.16,3577.0,2.7,39.15,1.07,25.125,17.0,227.0,4.0,4.39,1.945,1.0,454.25,4.25,0.0002,2
182,1.6475,146.8,5.5,402.0,0.04,0.58,3.457,0.0198,2.133333333,0.596666667,0.583333333,2224.333333,2.7,39.15,1.13,25.125,17.0,227.0,4.0,5.45,2.7,1.0,454.25,4.25,0.0009,2
183,3.44,150.0,2.0,299.0,0.36,0.76,2.191,0.0,0.2,0.0,1.66,720.0,1.0,48.0,1.07,24.0,17.0,162.0,6.0,7.05,2.75,1.0,525.0,3.25,0.004,0
184,1.6475,641.0,30.0,942.0,0.485,1.56,7.646,0.0,0.52,1.22,0.425,2247.0,43.5,41.0,2.17,41.0,17.0,411.0,7.5,6.52,6.245,1.0,708.25,4.25,0.004,3
185,1.6475,0.0,25.0,880.0,0.15,0.68,5.699,0.0,0.1,1.09,0.11,3883.0,5.0,17.0,0.94,35.0,17.0,318.0,4.0,4.26,2.04,1.0,326.9,4.25,0.0003,1
186,1.6475,42.0,31.0,897.0,0.07,0.54,6.242,0.0,0.12,0.88,0.36,2378.0,5.0,0.0,0.96,21.0,17.0,484.0,4.0,4.93,2.1,1.0,277.6,4.25,0.0008,2
187,1.6475,154.0,3.0,292.0,0.39,0.76,3.457,0.0,0.23,0.0,1.71,753.0,2.7,45.0,1.11,24.0,17.0,152.0,5.0,7.17,2.73,1.0,523.0,4.25,0.004,0
188,1.6475,292.0,26.0,908.0,0.22,1.48,7.506,0.0,0.19,1.17,0.39,2460.0,30.0,118.0,1.79,39.0,17.0,385.0,8.0,6.45,6.07,4.0,1362.0,4.25,0.005,3
189,1.6475,0.0,27.0,995.0,0.17,0.72,5.285,0.0,0.1,1.12,0.09,4227.0,2.7,45.0,0.91,39.0,17.0,382.0,4.0,4.18,2.15,8.0,516.0,4.25,0.0006,1
190,1.6475,153.0,3.0,279.0,0.35,0.74,2.145,0.0,0.2,0.0,1.7,746.0,1.0,68.0,1.04,24.0,17.0,158.0,4.0,7.06,2.72,1.0,702.5,4.25,0.004,0
191,1.1,164.0,2.0,199.0,0.36,0.6,0.373,0.0,0.17,0.0,1.33,435.0,2.7,54.0,0.71,22.0,17.0,190.0,4.0,7.24,2.65,1.0,505.0,4.5,0.004,0
192,2.1,229.0,2.0,228.5,0.305,0.75,0.5275,0.0,0.16,0.02,1.135,615.0,1.0,53.5,0.64,18.0,17.0,125.5,3.5,6.94,1.82,1.0,579.55,4.25,0.004,0
193,1.6475,153.0,3.0,289.0,0.43,0.76,2.143,0.0,0.28,0.0,1.8,719.0,0.0,65.0,1.12,25.0,17.0,167.0,5.0,7.04,2.71,1.0,604.0,2.75,0.004,0
194,1.6475,291.0,27.0,862.0,0.31,1.44,7.477,0.0,0.14,1.06,0.52,2211.0,40.0,36.0,1.89,39.0,17.0,407.0,5.0,6.46,5.83,4.0,694.4,4.25,0.012,3
195,1.6475,0.0,31.0,1010.0,0.19,0.8,4.162,0.0,0.12,1.15,0.13,4684.0,0.0,80.0,0.92,43.0,17.0,441.0,7.0,4.12,2.34,8.0,838.7,4.25,0.0017,1
196,1.6475,19.0,73.0,1310.0,0.07,0.63,6.381,0.0,0.17,1.15,0.3,3444.0,0.0,82.0,1.01,25.0,17.0,467.0,5.0,4.66,2.45,11.0,860.5,4.25,0.0027,1
197,1.6475,158.0,2.0,271.0,0.37,0.73,2.114,0.0,0.11,0.02,0.34,754.0,0.0,81.0,1.05,24.0,17.0,160.0,4.0,7.12,2.68,1.0,684.4,4.25,0.004,0
198,1.6475,146.8,5.5,402.0,0.218,1.473333333,3.457,0.014433333,0.145,1.07,0.515,1945.857143,2.7,39.15,2.124285714,25.125,17.0,227.0,4.0,6.96,6.52,1.0,454.25,4.25,0.004,3
199,1.6475,146.8,5.5,402.0,0.318,0.928,3.457,0.03274,0.192,1.082,0.192,3293.4,2.7,39.15,1.175,25.125,17.0,227.0,4.0,4.46,2.856,1.0,454.25,4.25,0.0008,2
200,1.6475,146.8,5.5,402.0,0.055,0.643333333,3.457,0.026466667,0.18,0.92,0.413333333,2085.333333,2.7,39.15,1.19,25.125,17.0,227.0,4.0,5.17,2.663333333,1.0,454.25,4.25,0.0003,2
201,1.6475,182.0,25.0,971.0,0.27,1.19,6.796,0.0,0.18,1.12,0.55,2735.0,0.0,98.0,1.62,32.0,17.0,309.0,14.0,6.01,4.9,4.0,1276.0,4.25,0.035,3
202,1.6475,0.0,24.0,923.0,0.27,0.79,4.218,0.0,0.13,1.02,0.2,4572.0,2.0,45.0,0.86,48.0,17.0,452.0,6.0,4.1,2.25,7.0,569.5,4.25,0.0056,1
203,1.6475,20.0,42.0,1067.0,0.09,0.71,6.292,0.0,0.32,1.09,0.36,3409.0,14.0,44.0,1.08,28.0,17.0,504.0,6.0,4.71,2.82,8.0,442.3,4.25,0.0033,1
204,1.6475,158.0,2.0,261.0,0.37,0.73,2.053,0.0,0.21,0.0,1.81,744.0,0.0,58.0,1.05,25.0,17.0,163.0,5.0,7.08,2.64,1.0,513.5,4.25,0.004,0
205,1.6475,146.8,5.5,402.0,0.31,1.37,3.457,0.0,0.205,0.883333333,0.593333333,2594.0,2.7,39.15,1.96,25.125,17.0,227.0,4.0,6.6,5.856666667,1.0,454.25,4.25,0.022,3
206,1.6475,146.8,5.5,402.0,0.2625,0.975,3.457,0.02225,0.155,1.0675,0.18,4780.25,2.7,39.15,1.2,25.125,17.0,227.0,4.0,4.25,3.163333333,1.0,454.25,4.25,0.0025,1
207,1.455,338.0,2.5,189.5,0.385,0.58,0.3565,0.0,0.21,0.0,1.465,349.0,1.0,35.0,1.08,23.0,17.0,193.0,5.0,7.28,2.595,0.0,439.2,5.75,0.004,0
208,2.59,116.0,3.0,255.0,0.31,0.69,1.414,0.0,0.16,0.02,1.13,605.0,1.0,43.0,0.61,18.0,17.0,121.0,4.0,7.04,1.68,0.0,455.3,4.25,0.004,0
209,3.09,157.0,3.0,260.0,0.34,0.78,2.288,0.0,0.25,0.02,2.35,727.0,0.0,62.0,1.1,25.0,17.0,176.0,5.0,6.92,2.86,0.0,453.4,2.75,0.004,0
210,1.6475,558.0,24.5,893.5,0.315,1.585,7.619,0.0,0.14,1.385,0.38,2640.0,12.5,41.5,1.965,36.5,17.0,381.5,6.0,6.38,6.26,4.0,655.75,4.25,0.005,3
211,1.6475,0.0,32.0,1037.0,0.25,0.83,4.985,0.0,0.12,1.33,0.1,4427.0,0.0,45.0,0.95,38.0,17.0,407.0,6.0,4.22,2.49,9.0,509.5,4.25,0.0005,1
212,1.6475,24.0,35.0,969.0,0.02,0.57,6.492,0.0,0.14,0.95,0.43,2542.0,4.0,20.0,1.02,21.0,17.0,418.0,4.0,4.79,2.21,6.0,362.2,4.25,0.0016,1
213,1.6475,155.0,2.0,272.0,0.35,0.78,2.219,0.0,0.2,0.02,1.82,728.0,2.0,54.0,1.12,24.0,17.0,164.0,4.0,7.16,2.86,0.0,420.0,4.25,0.004,0
214,1.6475,296.0,27.0,926.0,0.52,1.64,7.557,0.0,0.23,1.28,0.56,2454.0,1.0,62.0,2.13,37.0,17.0,408.0,6.0,6.46,6.27,9.0,770.5,4.25,0.007,3
215,1.6475,0.0,41.0,1096.0,0.3,0.89,5.49,0.015,0.23,1.45,0.08,4708.0,0.0,46.0,0.99,39.0,17.0,427.0,4.0,4.15,2.66,14.0,651.0,4.25,0.0009,1
216,1.6475,30.0,54.0,1072.0,0.05,0.58,6.306,0.0,0.23,1.02,0.3,2830.0,0.0,44.0,1.06,20.0,17.0,384.0,5.0,4.85,2.21,13.0,584.5,4.25,0.0016,1
217,1.6475,159.0,4.0,262.0,0.34,0.78,2.078,0.0,0.24,0.0,1.87,692.0,3.0,50.0,1.12,23.0,17.0,170.0,5.0,7.04,2.84,0.0,534.0,4.25,0.004,0
218,3.035,121.0,3.5,260.0,0.34,0.81,0.495,0.0,5.16,0.035,1.22,574.0,2.0,48.0,0.71,18.0,17.0,163.5,3.0,6.94,1.98,0.0,492.6,4.25,0.004,0
219,3.47,160.0,3.0,282.0,0.44,0.88,2.277,0.0,0.25,0.09,1.89,677.0,0.0,43.0,1.22,25.0,17.0,188.0,3.0,6.83,3.13,0.0,438.2,2.75,0.004,0
220,1.6475,156.0,23.0,957.0,0.44,1.2,7.032,0.0,0.33,1.09,0.63,2682.0,47.0,45.0,1.68,30.0,17.0,298.0,6.0,5.79,4.63,5.0,519.5,4.25,0.058,3
221,1.6475,0.0,23.0,1095.0,0.37,0.91,4.052,0.0,0.53,1.08,0.22,4710.0,0.0,55.0,0.89,48.0,17.0,415.0,5.0,4.02,2.57,8.0,754.5,4.25,0.0089,1
222,1.6475,23.0,35.0,1044.0,0.06,0.7,5.759,0.0,0.3,1.01,0.41,3108.0,0.0,56.0,1.12,26.0,17.0,360.0,5.0,4.62,2.63,7.0,556.0,4.25,0.0134,1
223,1.6475,159.0,3.0,274.0,0.38,0.8,2.141,0.0,0.22,0.0,1.7,679.0,6.0,58.0,1.14,25.0,17.0,174.0,5.0,6.97,2.89,0.0,535.5,4.25,0.004,0
224,1.6475,146.8,5.5,402.0,0.4525,1.1975,3.457,0.0,0.345,0.95,0.64,2682.5,2.7,39.15,1.765,25.125,17.0,227.0,4.0,6.35,4.675,1.0,454.25,4.25,0.061,3
225,1.6475,370.0,22.0,815.0,0.28,1.255,7.299,0.0186,0.205,63.63,0.44,2568.0,9.5,93.5,1.725,31.0,17.0,284.5,7.5,6.18,4.93,4.0,1136.0,4.25,0.014,3
226,1.6475,0.0,32.0,1008.0,0.33,0.81,4.667,0.0,0.16,1.22,0.08,4261.0,0.0,218.0,0.89,42.0,17.0,425.0,10.0,4.14,2.3,9.0,3977.0,4.25,0.0017,1
227,1.6475,17.0,24.0,769.0,0.02,0.54,5.586,0.0,0.21,0.67,0.89,2051.0,2.0,27.0,0.96,21.0,17.0,362.0,4.0,4.85,2.01,4.0,365.8,4.25,0.0062,2
228,1.6475,154.0,4.0,260.0,0.38,0.81,2.177,0.0,0.23,0.03,1.74,700.0,8.0,109.0,1.16,25.0,17.0,178.0,9.0,6.96,2.92,0.0,1158.0,4.25,0.004,0
229,1.235,332.0,2.0,193.5,0.375,0.66,0.2815,0.0,0.215,0.0,1.36,340.0,0.0,42.5,0.795,23.0,17.0,203.0,3.5,7.14,2.92,0.0,409.2,5.75,0.004,0
230,2.8,117.2,3.0,213.0,0.33,0.81,0.511,0.0,0.15,0.02,1.09,593.0,0.0,58.0,0.72,19.0,17.0,140.0,5.0,6.83,1.97,0.0,509.5,4.25,0.004,0
231,1.6475,412.0,24.0,734.5,0.365,1.26,4.741,0.015,0.43,1.06,0.61,2071.0,48.5,40.0,1.96,31.5,17.0,295.5,4.0,6.32,4.78,3.5,331.95,4.25,0.013,3
232,1.6475,0.0,43.0,1050.0,0.37,0.82,5.099,0.0,0.19,1.3,0.08,4369.0,0.0,64.0,0.92,40.0,17.0,370.0,5.0,4.17,2.39,11.0,728.0,4.25,0.0014,1
233,1.6475,20.4,36.0,781.0,0.02,0.5,6.242,0.0,0.23,0.73,0.75,1984.0,16.0,32.0,1.06,19.0,17.0,346.0,4.0,4.93,1.85,5.0,365.0,4.25,0.0038,2
234,1.6475,157.6,4.0,255.0,0.42,0.82,7.253,0.0,0.34,0.02,1.67,667.0,3.0,79.0,1.19,25.0,17.0,199.0,5.0,6.84,2.99,0.0,727.0,4.25,0.004,3
235,1.6475,0.0,47.0,1164.0,0.37,0.81,3.457,0.0,0.24,1.26,0.1,4418.0,0.0,67.0,0.92,36.0,17.0,352.0,5.0,4.21,2.44,9.0,752.5,4.25,0.0004,1
236,1.6475,27.6,43.0,927.0,0.04,0.48,6.207,0.0,0.24,0.71,0.69,2047.0,29.0,36.0,1.04,18.0,17.0,417.0,4.0,4.88,1.78,5.0,426.9,4.25,0.0017,1
237,1.6475,168.0,3.0,275.0,0.39,0.82,2.165,0.0,0.24,0.02,1.88,655.0,5.0,80.0,1.17,30.0,17.0,202.0,5.0,6.81,2.99,0.0,756.5,4.25,0.004,0
238,1.6475,231.0,23.0,684.0,0.32,1.23,7.805,0.0,0.26,0.92,0.76,1765.0,50.0,39.0,1.99,32.0,17.0,326.0,4.0,6.44,4.6,3.0,351.3,4.25,0.008,3
239,1.6475,0.0,46.0,1237.0,0.46,0.84,5.921,0.0,0.18,1.38,0.1,4352.0,0.0,68.0,0.97,37.0,17.0,355.0,6.0,4.22,2.46,10.0,840.5,4.25,0.0005,1
240,1.6475,31.8,49.0,944.0,0.07,0.49,6.87,0.0,0.22,0.76,0.65,2129.0,39.0,52.0,1.08,19.0,17.0,459.0,4.0,4.9,1.83,7.0,554.0,4.25,0.0016,1
241,1.6475,164.2,3.0,228.0,0.41,0.84,2.351,0.0,0.22,0.03,1.79,634.0,15.0,65.0,1.18,26.0,17.0,223.0,4.0,6.75,3.07,0.0,541.5,4.25,0.004,0
242,1.6475,190.6,23.0,724.0,0.29,1.15,7.407,0.0,0.25,0.97,0.75,1963.0,45.0,43.0,1.9,30.0,17.0,281.0,5.0,6.32,4.39,5.0,387.7,4.25,0.009,3
243,1.6475,0.0,42.0,1128.5,0.41,0.8,5.4975,0.0099,0.175,1.205,0.105,4352.5,0.0,61.5,0.925,38.0,17.0,359.5,11.5,4.23,2.355,10.5,906.75,4.25,0.0006,1
244,1.6475,24.0,35.0,830.0,0.07,0.48,6.035,0.0,0.23,0.68,0.91,1958.0,40.0,28.0,1.09,19.0,17.0,360.0,5.0,4.94,1.77,0.0,354.8,4.25,0.0029,2
245,1.6475,167.6,3.0,249.0,0.4,0.83,2.325,0.0,0.23,0.03,1.9,644.0,11.0,66.0,1.18,26.0,17.0,223.0,7.0,6.71,3.02,1.0,570.0,4.25,0.004,0
246,2.21,174.2,3.0,171.0,0.39,0.66,0.428,0.0,0.19,0.07,1.44,380.0,4.0,42.0,0.78,23.0,17.0,226.0,5.0,6.98,2.94,0.0,416.0,4.0,0.004,0
247,1.88,126.2,3.0,248.0,0.58,1.07,0.59,0.0348,0.18,0.25,1.25,548.0,4.0,53.0,0.95,20.0,17.0,188.0,6.0,6.58,2.27,0.0,396.3,4.25,0.004,0
248,1.6475,146.8,5.5,402.0,0.35,0.69,3.457,0.0,0.2,0.265,1.36,1496.0,2.7,39.15,0.98,25.125,17.0,227.0,4.0,6.35,2.545,1.0,454.25,4.25,0.004,0
249,1.6475,146.8,5.5,402.0,0.35,0.69,3.457,0.0,0.2,0.265,1.36,2544.0,2.7,39.15,0.98,25.125,17.0,227.0,4.0,6.35,2.545,1.0,454.25,4.25,0.004,0
250,1.6475,146.8,5.5,402.0,0.35,0.69,3.457,0.0,0.2,0.265,1.36,1262.0,2.7,39.15,0.98,25.125,17.0,227.0,4.0,6.35,2.545,1.0,454.25,4.25,0.004,0
251,1.6475,146.8,5.5,402.0,0.35,0.69,3.457,0.0,0.2,0.265,1.36,1079.0,2.7,39.15,0.98,25.125,17.0,227.0,4.0,6.35,2.545,1.0,454.25,4.25,0.004,0
252,1.6475,146.8,5.5,402.0,0.35,0.69,3.457,0.0,0.2,0.265,1.36,1449.0,2.7,39.15,0.98,25.125,17.0,227.0,4.0,6.35,2.545,1.0,454.25,4.25,0.004,0
253,1.6475,146.8,5.5,402.0,0.35,0.69,3.457,0.0,0.2,0.265,1.36,2516.0,2.7,39.15,0.98,25.125,17.0,227.0,4.0,6.35,2.545,1.0,454.25,4.25,0.004,0
254,1.6475,146.8,5.5,402.0,0.35,0.69,3.457,0.0,0.2,0.265,1.36,1113.0,2.7,39.15,0.98,25.125,17.0,227.0,4.0,6.35,2.545,1.0,454.25,4.25,0.004,0
255,1.6475,146.8,5.5,402.0,0.35,0.69,3.457,0.0,0.2,0.265,1.36,2528.0,2.7,39.15,0.98,25.125,17.0,227.0,4.0,4.26,2.545,1.0,454.25,4.25,0.004,2
256,1.6475,146.8,5.5,402.0,0.35,0.69,3.457,0.0,0.2,0.265,1.36,1506.0,2.7,39.15,0.98,25.125,17.0,227.0,4.0,5.04,2.545,1.0,454.25,4.25,0.004,2
257,1.6475,146.8,5.5,402.0,0.35,0.69,3.457,0.0,0.2,0.265,1.36,1134.0,2.7,39.15,0.98,25.125,17.0,227.0,4.0,6.36,2.545,1.0,454.25,4.25,0.004,0
258,1.6475,146.8,5.5,402.0,0.35,0.69,3.457,0.0,0.2,0.265,1.36,2537.0,2.7,39.15,0.98,25.125,17.0,227.0,4.0,4.28,2.545,1.0,454.25,4.25,0.004,2
259,1.6475,146.8,5.5,402.0,0.35,0.69,3.457,0.0,0.2,0.265,1.36,1542.0,2.7,39.15,0.98,25.125,17.0,227.0,4.0,5.03,2.545,1.0,454.25,4.25,0.004,2
260,2.19,121.0,2.572,320.0,0.38,0.75,0.904,0.046,0.19,0.05,1.31,526.0,61.0,55.9,0.67,25.125,2.0,239.0,5.0,6.32,2.22,0.0,495.3,4.25,0.004,0
261,1.6475,89.2,9.41,496.0,0.0,0.52,4.28,0.0008,0.1,0.27,0.84,1177.0,48.0,26.7,1.06,25.125,7.0,188.0,3.0,5.89,2.14,0.0,277.2,4.25,0.004,2
262,1.6475,0.0,13.332,501.0,0.35,0.69,4.077,0.0,0.2,0.265,1.36,1238.5,1.0,41.9,0.98,25.125,5.0,307.0,3.0,4.27,2.545,0.0,672.5,4.25,0.004,2
263,1.6475,13.0,6.851,357.0,0.0,0.31,3.376,0.0063,0.05,0.17,1.34,1084.0,13.0,24.3,0.65,25.125,0.0,191.0,1.0,4.92,1.1,0.0,242.1,4.25,0.004,2
264,1.6475,165.8,2.697,267.0,0.39,0.71,2.487,0.0091,0.25,0.04,2.06,594.0,45.0,37.0,1.01,25.125,0.0,231.0,2.0,6.61,2.93,0.0,357.1,4.25,0.004,0
265,2.97,163.8,3.704,265.0,0.37,0.7,2.472,0.0071,0.23,0.03,1.83,603.0,43.0,52.2,0.99,25.125,0.0,225.0,4.0,6.66,2.84,0.0,432.5,3.75,0.004,0
266,1.6475,125.6,11.817,426.0,0.3,0.6,3.877,0.0153,0.09,0.3,1.16,1243.0,18.0,24.9,1.18,25.125,12.0,295.0,4.0,6.14,2.48,0.0,469.8,4.25,0.004,2
267,1.6475,0.0,16.422,515.0,0.38,0.26,4.342,0.0132,0.09,0.36,0.38,2030.0,0.0,47.4,0.61,25.125,20.0,252.0,5.0,4.29,0.7,0.0,683.0,4.25,0.004,2
268,1.6475,16.8,10.654,449.0,0.0,0.34,3.351,0.0081,0.08,0.27,1.65,1168.0,27.0,17.6,0.75,25.125,15.0,238.0,5.0,4.94,1.21,0.0,259.4,4.25,0.004,2
269,1.6475,162.0,5.194,265.0,0.36,0.69,2.455,0.0067,0.27,0.03,2.07,608.0,28.0,60.1,0.97,25.125,0.0,196.0,5.0,6.86,2.77,0.0,547.5,4.25,0.004,0
270,1.6475,165.4,12.2,463.0,0.35,0.76,3.531,0.0021,0.12,0.39,1.24,1282.0,19.0,20.2,1.43,25.6,20.0,258.0,3.0,6.33,3.15,0.0,202.5,4.25,0.004,0
271,1.6475,0.0,17.7,613.0,0.42,0.28,3.841,0.006,0.13,0.43,0.38,2274.0,0.0,48.4,0.67,27.0,38.0,299.0,5.0,4.25,0.75,0.0,652.6,4.25,0.004,2
272,1.6475,20.0,13.5,483.0,0.0,0.33,4.935,0.0057,0.06,0.28,1.64,1183.0,50.0,17.8,0.71,16.5,25.0,319.0,3.0,5.03,1.22,0.0,337.6,4.25,0.004,2
273,1.6475,157.0,3.9,250.0,0.37,0.7,2.507,0.0017,0.27,0.02,2.13,614.0,8.0,52.7,0.98,25.4,6.0,177.0,4.0,7.13,2.8,0.0,625.6,4.25,0.004,0
274,2.09,123.6,3.2,274.0,0.34,0.72,0.93,0.0446,0.23,0.03,1.5,530.0,41.0,45.9,0.6,25.125,2.0,161.0,4.0,6.86,2.05,0.0,511.5,4.25,0.004,0
275,3.91,166.8,3.41,246.0,0.4,0.75,2.608,0.0018,0.28,0.03,2.1,630.0,1.0,54.5,1.07,25.125,1.0,227.0,3.0,7.19,2.79,1.0,587.5,2.5,0.004,0
276,1.6475,170.8,12.82,515.0,0.35,0.79,4.626,0.0033,0.11,0.4,1.11,1428.0,16.0,34.3,1.63,25.2,11.0,220.0,2.0,6.4,3.09,0.0,325.8,4.25,0.004,3
277,1.6475,0.0,16.68,599.0,0.46,0.31,4.72,0.0061,0.1,0.46,0.23,2543.0,0.0,54.4,0.75,28.0,29.0,262.0,4.0,4.29,0.86,0.0,657.0,4.25,0.004,2
278,1.6475,23.6,15.5,550.0,0.0,0.37,3.829,0.006,0.0,0.33,0.31,1461.0,60.0,31.1,0.84,17.4,26.0,310.0,3.0,5.0,1.03,0.0,360.13,4.25,0.004,2
279,1.6475,163.0,3.39,258.0,0.42,0.71,2.4,0.0011,0.28,0.02,2.08,589.0,0.0,49.0,1.07,25.0,0.0,173.0,4.0,7.17,2.67,0.0,630.5,4.25,0.004,0
280,0.85,171.0,1.6,166.0,0.0,0.0,0.638,0.0,0.25,0.0,1.67,339.0,0.0,34.7,0.0,25.125,0.0,227.0,3.0,7.16,0.0,0.0,399.1,5.25,0.004,0
281,1.6475,229.0,16.5,575.0,0.0,0.0,3.829,0.0,0.1,0.0,0.98,1478.0,13.0,16.7,0.0,32.0,17.0,227.0,3.0,6.5,0.0,0.0,230.9,4.25,0.004,2
282,1.6475,0.0,18.0,617.0,0.53,0.33,4.937,0.0071,0.12,0.48,0.16,2592.0,0.0,34.1,0.86,28.5,55.0,227.0,4.0,4.29,0.9,0.0,570.5,4.25,0.004,2
283,1.6475,31.6,21.9,673.0,0.0,0.38,3.425,0.0072,0.08,0.37,0.97,1642.0,38.0,51.4,0.86,18.0,31.0,227.0,4.0,5.02,1.4,0.0,404.7,4.25,0.004,2
284,1.6475,165.0,2.3,249.0,0.4,0.71,2.398,0.0012,0.27,0.02,2.07,586.0,0.0,57.9,1.08,25.5,0.0,227.0,3.0,7.18,2.68,0.0,554.5,4.25,0.004,0
285,2.27,128.4,1.8,257.0,0.0,0.0,0.811,0.0,0.22,0.0,1.54,549.0,14.0,71.7,0.0,25.125,0.0,227.0,6.0,7.11,0.0,0.0,608.0,4.25,0.004,0
286,2.62,163.0,2.9,223.0,0.0,0.0,2.555,0.0,0.25,0.0,2.15,658.0,0.0,59.7,0.0,25.125,0.0,227.0,3.0,7.14,0.0,0.0,505.5,3.25,0.004,0
287,1.6475,277.4,20.315,708.0,0.48,1.08,3.635,0.0114,0.24,0.55,0.86,3085.0,19.0,58.9,2.19,36.0,33.0,329.0,5.0,6.61,4.32,0.0,429.4,4.25,0.004,3
288,1.6475,0.0,18.996,698.0,0.53,0.36,5.564,0.009,0.17,0.56,0.14,2769.0,0.0,58.9,0.93,27.9,67.0,327.0,5.0,4.32,1.09,0.0,502.0,4.25,0.004,1
289,1.6475,42.0,37.045,973.0,0.0,0.41,3.64,0.0091,0.19,0.51,0.91,1823.0,54.0,82.8,0.95,20.0,71.0,465.0,9.0,5.02,1.56,0.0,644.5,4.25,0.004,2
290,1.6475,168.4,4.025,233.0,0.42,0.69,2.302,0.002,0.25,0.02,2.13,620.0,0.0,117.7,1.1,24.5,3.0,171.0,9.0,7.15,2.66,0.0,1025.5,4.25,0.004,0
291,0.815,177.1,2.862,216.5,0.4,0.57,0.66,0.0012,0.215,0.0,1.68,370.5,0.0,41.7,0.715,25.125,1.0,208.5,4.0,7.21,2.685,0.0,368.8,5.25,0.004,0
292,1.6475,305.2,19.153,745.0,0.46,1.25,4.992,0.0059,0.16,0.64,0.88,1729.0,34.0,51.5,2.25,38.0,34.0,408.0,7.0,6.49,4.96,0.0,500.5,4.25,0.004,3
293,1.6475,0.0,17.07,745.0,0.55,0.41,5.542,0.0078,0.19,0.62,0.12,2981.0,0.0,54.0,0.97,30.9,68.0,346.0,5.0,4.3,1.24,0.0,452.6,4.25,0.004,1
294,1.6475,167.6,1.968,237.0,0.4,0.69,2.427,0.0011,0.24,0.0,2.09,625.0,0.0,93.98,1.09,24.0,5.0,172.0,4.0,7.06,2.59,0.0,990.5,4.25,0.004,0
295,1.94,132.8,1.708,249.0,0.365,0.7,0.6335,0.00075,0.18,0.0,1.48,549.0,0.0,66.55,0.67,25.125,6.0,135.0,5.0,7.15,1.875,0.0,462.3,4.25,0.004,0
296,3.415,165.9,3.2,250.0,0.425,0.705,2.4085,0.00065,0.225,0.0,1.815,610.0,0.5,62.95,1.11,25.125,0.0,175.0,5.0,7.21,2.7,0.0,564.25,3.75,0.004,0
297,1.6475,22.6,19.941,721.0,0.0,1.15,4.886,0.003,0.09,0.75,0.5,1983.0,48.0,35.3,1.91,34.9,31.0,324.0,4.0,6.46,4.75,0.0,388.8,4.25,0.004,3
298,1.6475,0.0,13.411,717.0,0.45,0.41,4.593,0.0073,0.16,0.59,0.05,3044.0,0.0,20.1,0.94,33.1,36.0,318.0,5.0,4.2,1.21,0.0,362.6,4.25,0.004,1
299,1.6475,42.6,28.764,945.0,0.0,0.48,3.636,0.0102,0.15,0.65,0.46,2285.0,24.0,48.6,1.07,21.1,49.0,473.0,3.0,4.89,1.79,1.0,472.2,4.25,0.004,2
300,1.6475,162.3,3.8105,270.0,0.43,0.7,2.374,0.0006,0.48,0.015,1.91,616.5,1.5,53.8,1.105,25.9,5.5,174.5,4.0,7.29,2.145,0.0,831.25,4.25,0.004,0
301,1.0,172.4,1.743,194.0,0.41,0.57,0.631,0.0008,0.27,0.0,1.63,349.0,2.0,32.8,0.72,25.125,2.0,200.0,4.0,7.24,2.66,0.0,332.9,6.5,0.004,0
302,1.6475,222.4,15.669,712.0,0.0,1.04,5.551,0.003,0.1,0.73,0.06,2093.0,37.0,0.0,1.78,32.0,29.0,277.0,3.0,6.34,4.3,0.0,286.4,4.25,0.004,3
303,1.6475,0.0,12.048,649.0,0.35,0.43,4.391,0.0076,0.13,0.6,0.44,3025.0,3.0,24.3,0.9,33.1,25.0,331.0,2.0,4.2,1.25,0.0,274.7,4.25,0.004,2
304,1.6475,43.0,21.733,834.0,0.0,0.47,4.346,0.0087,0.06,0.6,0.38,2112.0,25.0,15.8,1.04,21.0,32.0,421.0,2.0,4.91,1.78,0.0,269.8,4.25,0.004,2
305,1.45,128.4,2.51,233.0,0.37,0.69,0.544,0.0028,0.18,0.0,1.59,545.0,3.0,43.8,0.65,25.125,2.0,136.0,3.0,7.14,1.85,0.0,407.9,4.25,0.004,0
306,1.65,167.8,2.755,240.0,0.42,0.69,2.433,0.0007,0.18,0.0,1.46,597.0,1.0,41.8,1.09,25.125,3.0,178.0,2.0,7.13,2.64,1.0,382.8,3.75,0.004,0
307,1.6475,306.4,26.453,851.0,0.0,1.3,5.415,0.0055,0.08,0.96,0.49,2074.0,89.0,57.0,2.07,38.2,37.0,374.0,3.0,6.61,5.46,0.0,723.0,4.25,0.004,3
308,1.6475,0.0,15.913,732.0,0.39,0.49,4.618,0.0094,0.15,0.77,0.08,3512.0,3.0,21.2,0.98,33.9,34.0,367.0,1.0,4.23,1.48,0.0,311.9,4.25,0.004,1
309,1.6475,46.4,25.865,881.0,0.0,0.52,2.982,0.0102,0.14,0.72,0.37,2182.0,8.0,52.2,1.02,19.5,28.0,385.0,2.0,5.0,1.95,0.0,423.3,4.25,0.004,2
310,1.6475,165.0,2.959,236.0,0.37,0.75,2.286,0.0008,0.24,0.0,1.97,607.0,3.0,47.3,1.08,25.5,3.0,177.0,1.0,7.23,2.78,0.0,557.0,4.25,0.004,0
311,0.51,175.3,2.61,201.0,0.36,0.605,0.5555,0.00035,0.19,0.0,1.56,327.0,2.0,28.2,0.69,25.125,5.5,206.0,1.0,7.31,2.79,0.0,260.5,6.5,0.004,0
312,1.6475,313.2,29.073,908.0,0.0,1.49,5.666,0.0109,0.12,1.09,0.45,2174.0,82.0,89.7,1.98,42.0,43.0,176.0,4.0,6.39,5.95,1.0,884.5,4.25,0.004,3
313,1.6475,0.0,18.296,812.0,0.37,0.57,4.914,0.0095,0.14,0.89,0.08,3558.0,2.0,109.9,0.96,35.05,40.0,486.0,5.0,4.23,1.77,0.0,1598.0,4.25,0.004,1
314,1.6475,48.6,30.692,912.0,0.0,0.57,2.696,0.0114,0.21,0.78,0.44,2334.0,3.0,70.1,1.06,20.02,21.0,390.0,5.0,5.05,2.02,0.0,555.5,4.25,0.004,2
315,1.6475,164.6,5.5,227.0,0.38,0.75,2.327,0.0007,0.23,0.0,1.98,609.0,0.0,68.9,1.08,21.11,2.0,445.0,4.0,7.22,2.76,0.0,467.4,4.25,0.004,0
316,1.78,168.6,4.319,259.0,0.38,0.74,2.315,0.0015,0.33,0.0,1.95,619.0,2.0,57.1,1.06,25.125,2.0,227.0,3.0,7.19,2.77,0.0,344.3,4.0,0.004,0
317,1.6475,199.6,20.842,771.0,0.0,1.17,5.613,0.0126,0.09,1.05,0.37,2428.0,25.0,53.5,1.44,29.3,28.0,280.0,6.0,6.17,4.76,0.0,643.5,4.25,0.004,3
318,1.6475,0.0,13.305,675.0,0.0,0.48,3.667,0.0095,0.09,0.73,0.07,3239.0,0.0,30.3,0.79,36.4,30.0,359.0,4.0,4.15,1.42,0.0,348.1,4.25,0.004,2
319,1.6475,30.4,14.26,690.0,0.0,0.48,4.43,0.008,0.12,0.52,0.73,1905.0,4.0,47.0,0.77,21.6,27.0,392.0,2.0,4.82,1.74,0.0,233.9,4.25,0.004,2
320,1.6475,158.8,2.777,248.0,0.37,0.74,2.339,0.0005,0.24,0.01,1.91,642.0,0.0,79.6,1.07,25.2,3.0,172.0,3.0,7.14,2.73,1.0,495.6,4.25,0.004,0
321,0.86,168.2,2.8,196.0,0.38,0.6,0.61,0.0008,0.19,0.0,1.52,387.0,1.0,39.3,0.69,25.125,2.0,187.0,3.0,7.2,2.74,0.0,380.9,5.0,0.004,0
322,1.6475,378.0,40.816,1153.0,0.36,1.8,6.524,0.0135,0.19,1.47,0.43,2508.0,89.0,166.6,2.06,46.5,30.0,508.0,8.0,6.47,7.22,1.0,2312.0,4.25,0.004,3
323,1.6475,0.0,41.176,1094.0,0.44,0.67,5.707,0.0149,0.25,1.32,0.13,4215.0,0.0,57.4,1.04,39.0,39.0,169.0,4.0,4.18,2.05,2.0,540.5,4.25,0.004,1
324,1.6475,51.2,26.138,952.0,0.0,0.52,3.133,0.011,0.2,0.79,0.35,2121.0,2.0,67.1,1.0,19.9,16.0,342.0,3.0,5.07,2.0,0.0,728.0,4.25,0.004,2
325,1.6475,166.8,4.28,261.0,0.39,0.74,2.321,0.0007,0.23,0.01,1.99,587.0,1.0,52.2,1.09,25.5,1.0,163.0,2.0,7.45,2.75,1.0,654.0,4.25,0.004,0
326,0.89,117.0,3.453,289.0,0.32,0.72,0.663,0.0004,0.16,0.01,1.24,604.0,1.0,53.8,0.64,25.125,5.0,125.0,2.0,6.97,1.83,1.0,451.7,4.25,0.004,0
327,1.6475,345.8,30.11,915.0,0.34,1.57,6.822,0.0104,0.17,1.19,0.44,1875.0,87.0,86.5,1.93,41.9,33.0,537.0,7.0,6.52,6.17,1.0,954.7,4.25,0.004,3
328,1.6475,0.0,52.82,1167.0,0.46,0.67,5.468,0.0205,0.22,1.37,0.09,4538.0,0.0,56.9,0.94,39.7,66.0,355.0,5.0,4.09,2.01,2.0,612.0,4.25,0.004,1
329,1.6475,45.2,21.473,808.0,0.0,0.53,3.659,0.0116,0.12,0.81,0.33,2157.0,2.0,45.8,0.93,19.2,16.0,381.0,4.0,5.05,1.92,0.0,658.0,4.25,0.004,2
330,1.6475,162.2,2.777,252.0,0.38,0.74,2.328,0.0015,0.22,0.0,1.94,611.0,1.0,51.4,1.11,24.6,2.0,161.0,4.0,7.18,2.7,0.0,498.0,4.25,0.004,0
331,1.03,169.2,2.296,212.0,0.39,0.6,0.56,0.0012,0.21,0.0,1.52,376.0,3.0,33.7,0.71,25.125,9.0,185.0,2.0,7.3,2.73,0.0,365.8,6.25,0.004,0
332,1.6475,56.8,24.356,821.0,0.0,0.54,3.558,0.0116,0.1,0.83,0.33,2221.0,1.0,79.0,0.96,19.5,15.0,359.0,5.0,5.13,2.04,0.0,965.5,4.25,0.004,2
333,1.6475,169.6,3.5,264.0,0.39,0.75,2.338,0.0006,0.23,0.0,1.96,605.0,1.0,60.0,1.1,25.6,3.0,170.0,3.0,7.18,2.76,1.0,609.0,4.25,0.004,0
334,1.255,122.0,2.4845,267.0,0.335,0.73,0.647,0.0003,0.17,0.0,1.245,592.0,2.0,45.0,0.64,25.125,4.5,121.5,3.0,7.04,1.875,0.0,459.35,4.25,0.004,0
335,1.25,167.6,3.728,266.0,0.395,0.75,2.325,0.00085,0.245,0.0,1.915,625.0,1.0,49.1,1.095,25.125,3.0,174.0,2.0,7.14,2.82,1.0,387.05,4.25,0.004,0
336,1.6475,168.0,2.612,286.0,0.4,0.74,2.294,0.0006,0.24,0.0,1.97,639.0,2.0,47.6,1.1,25.3,6.0,164.0,3.0,7.36,2.77,0.0,469.9,4.25,0.004,0
337,1.0,173.0,2.529,212.0,0.38,0.61,0.544,0.0005,0.19,0.0,1.57,365.0,0.0,30.8,0.71,25.125,2.0,188.0,3.0,7.25,2.78,1.0,366.0,5.75,0.004,0
338,1.96,170.0,2.533,253.0,0.4,0.72,2.271,0.0006,0.24,0.02,1.88,578.0,1.0,47.3,1.13,25.125,0.0,174.0,3.0,7.19,2.66,1.0,320.7,4.0,0.004,0
339,1.545,177.4,1.8685,190.0,0.39,0.615,0.487,0.0,0.21,0.0,1.605,379.5,0.0,47.05,0.73,25.125,0.0,190.0,2.5,7.3,2.81,0.0,416.1,6.75,0.004,0
340,2.01,127.4,3.098,273.0,0.34,0.74,0.514,0.0,0.2,0.0,1.28,644.0,0.0,414.2,0.65,25.125,3.0,146.0,3.0,7.07,1.94,0.0,464.1,4.25,0.004,0
341,2.425,176.4,2.695,249.5,0.41,0.745,2.2115,0.0,0.23,0.0,1.98,642.0,2.0,35.35,1.095,25.125,0.0,181.0,3.5,7.15,2.78,0.0,334.35,3.25,0.004,0
342,1.6475,195.8,16.885,672.0,0.36,1.08,6.175,0.0,0.26,0.58,2.53,1693.0,14.0,16.0,1.83,33.0,6.0,301.0,4.0,6.22,4.05,0.0,303.6,4.25,0.004,3
343,1.6475,0.0,51.02,1380.0,0.31,0.88,4.842,0.0155,0.2,1.06,0.48,5359.0,2.0,84.8,0.95,47.0,34.0,452.0,8.0,4.07,2.59,0.0,1208.0,4.25,0.004,1
344,1.6475,43.6,39.417,991.0,0.0,0.72,6.559,0.0,0.48,0.89,1.56,2593.0,2.0,41.8,1.06,26.5,25.0,477.0,5.0,4.84,2.49,0.0,511.0,4.25,0.004,2
345,1.6475,173.6,3.097,258.0,0.41,0.76,2.264,0.0,0.24,0.02,1.98,613.0,1.0,57.2,1.11,25.5,5.0,187.0,3.0,7.07,2.78,0.0,614.0,4.25,0.004,0
346,1.55,174.2,2.424,197.0,0.38,0.59,0.43,0.0,0.19,0.0,1.54,361.0,2.0,28.9,0.71,25.125,4.0,69.0,4.0,7.27,2.73,0.0,433.8,4.5,0.004,0
347,1.6475,119.4,16.372,788.0,0.34,0.86,5.737,0.0146,0.24,0.69,1.52,2241.0,12.0,29.1,1.39,27.6,10.0,293.0,5.0,5.59,3.46,0.0,302.8,4.25,0.004,3
348,1.6475,0.0,33.471,1099.0,0.53,0.75,3.403,0.0147,0.21,0.93,0.26,4456.0,1.0,63.0,0.8,46.0,19.0,425.0,4.0,4.06,2.17,0.0,710.5,4.25,0.004,1
349,1.6475,165.2,3.167,258.0,0.39,0.74,2.198,0.0,0.23,0.0,1.93,594.0,2.0,64.9,1.1,25.0,3.0,180.0,4.0,7.17,2.74,0.0,540.5,4.25,0.004,0
350,3.44,127.2,3.505,266.0,0.32,0.72,0.438,0.0,0.16,0.0,1.25,592.0,2.0,50.4,0.63,25.125,5.0,141.0,4.0,7.03,1.88,0.0,487.6,4.25,0.004,0
351,3.55,168.8,2.653,246.0,0.4,0.74,2.229,0.0,0.25,0.0,1.96,616.0,1.0,34.6,1.09,25.125,6.0,186.0,3.0,6.99,2.76,0.0,356.3,3.5,0.004,0
352,1.6475,131.8,14.254,718.0,0.32,0.84,6.129,0.0,0.29,0.72,1.06,2037.0,29.0,24.1,1.32,25.0,7.0,281.0,5.0,5.86,3.35,0.0,322.4,4.25,0.004,3
353,1.6475,0.0,37.11,1191.0,0.52,0.69,3.925,0.0,0.22,1.07,0.15,4492.0,1.0,69.2,0.76,41.0,23.0,398.0,6.0,4.09,2.02,0.0,940.5,4.25,0.004,1
354,1.6475,14.6,13.577,628.0,0.0,0.47,5.194,0.0,0.29,0.47,1.47,1758.0,4.0,27.8,0.81,20.3,10.0,288.0,3.0,4.78,1.66,0.0,264.9,4.25,0.004,2
355,1.6475,165.0,2.911,271.0,0.37,0.71,2.266,0.0,0.24,0.01,1.91,598.0,3.0,51.8,1.0,24.0,2.0,196.0,4.0,6.92,2.63,0.0,568.5,4.25,0.004,0
356,2.28,172.1,1.939,205.5,0.35,0.57,0.4155,0.0,0.19,0.0,1.545,366.5,0.0,30.55,0.64,25.125,0.0,201.5,3.0,7.18,2.615,0.0,398.8,5.0,0.004,0
357,1.6475,165.6,11.735,610.0,0.0,0.87,6.828,0.0,0.23,0.66,0.98,1970.0,6.0,0.0,1.43,26.6,24.0,260.0,2.0,6.13,3.43,0.0,213.9,4.25,0.004,3
358,1.6475,0.0,47.541,1312.0,0.56,0.7,4.697,0.0,0.23,1.16,0.15,4444.0,0.0,5739.0,0.79,38.0,113.0,395.0,5.0,4.19,2.14,0.0,990.0,4.25,0.004,1
359,1.6475,20.4,15.005,608.0,0.0,0.42,5.536,0.0,0.22,0.48,1.29,1697.0,3.0,0.0,0.81,19.5,27.0,367.0,2.0,4.82,1.46,0.0,313.0,4.25,0.004,2
360,3.315,122.5,2.579,289.5,0.315,0.69,0.495,0.0,0.17,0.0,1.305,596.0,0.5,39.7,0.585,25.125,10.5,153.5,5.0,6.77,1.8,0.0,511.6,4.25,0.004,0
361,3.29,170.4,2.415,269.0,0.4,0.71,2.242,0.0,0.27,0.02,1.97,670.0,0.0,38.4,1.0,25.125,1.0,203.0,3.0,6.84,2.65,0.0,513.0,4.25,0.004,0
362,1.6475,190.7,13.5125,548.0,0.0,0.93,7.1135,0.00195,0.175,0.64,1.025,1618.0,10.0,0.0,1.56,29.0,6.0,315.0,2.0,6.27,3.58,0.0,191.15,4.25,0.004,3
363,1.6475,0.0,67.202,1502.0,0.55,0.71,5.06,0.0,0.24,1.26,0.13,4687.0,1.0,66.7,0.83,38.9,153.0,372.0,6.0,4.23,2.18,0.0,1103.5,4.25,0.004,1
364,1.6475,22.8,20.991,662.0,0.0,0.44,5.855,0.0,0.23,0.57,1.13,1801.0,9.0,17.6,0.86,19.6,15.0,379.0,3.0,4.89,1.55,1.0,355.9,4.25,0.004,2
365,1.6475,347.8,3.178,263.0,0.37,0.7,2.39,0.0,0.23,0.01,1.98,657.0,1.0,34.6,0.98,26.5,0.0,202.0,4.0,6.9,2.63,0.0,526.5,4.25,0.004,0
366,1.6475,0.0,87.032,1733.0,0.59,0.73,5.314,0.014,0.26,1.31,0.13,5251.0,3.0,185.7,0.82,36.6,226.0,428.0,15.0,4.14,2.32,0.0,3431.0,4.25,0.004,1
367,1.6475,28.4,27.133,757.0,0.0,0.45,6.159,0.0,0.36,0.62,0.84,1967.0,23.0,20.8,0.87,19.8,20.0,374.0,4.0,4.89,1.62,0.0,457.6,4.25,0.004,2
368,1.6475,168.3,2.904,252.5,0.375,0.705,2.311,0.0,0.245,0.01,1.99,610.0,3.5,39.35,0.99,25.25,3.5,192.0,3.5,6.92,2.65,0.0,556.25,4.25,0.004,0
369,1.6475,123.6,12.0,402.0,0.42,0.66,4.419,0.0,0.17,0.31,1.24,1271.0,22.0,21.2,1.34,22.9,17.0,227.0,3.0,6.01,2.52,0.0,244.7,4.25,0.004,2
370,1.6475,0.0,25.8,402.0,0.83,0.28,3.406,0.0155,0.11,0.41,0.26,2317.0,0.0,85.9,0.57,29.5,17.0,227.0,10.0,4.23,0.82,0.0,1029.0,4.25,0.004,1
371,1.6475,20.8,10.9,402.0,0.38,0.39,3.47,0.0,0.26,0.25,1.77,1197.0,28.0,28.2,0.87,18.3,17.0,285.0,4.0,4.99,2.37,0.0,325.4,4.25,0.004,2
372,1.6475,155.6,2.7,402.0,0.43,0.7,2.564,0.0,0.24,0.03,1.79,600.0,42.0,43.0,1.1,25.8,17.0,227.0,4.0,6.69,2.64,1.0,399.6,4.25,0.004,0
373,1.06,174.8,1.92,185.0,0.42,0.59,0.629,0.0,0.19,0.02,1.43,325.0,5.0,41.6,0.75,25.125,17.0,213.0,4.0,6.93,2.73,2.0,402.5,6.0,0.004,0
374,1.6475,148.6,5.5,452.0,0.42,0.81,4.7,0.0,0.14,0.36,1.4,669.0,2.7,12.0,1.63,24.7,17.0,235.0,2.0,6.34,2.91,0.0,175.1,4.25,0.004,3
375,1.6475,0.0,5.5,977.0,0.8,0.33,4.489,0.0,0.13,0.59,0.32,1306.0,2.7,104.5,0.72,29.6,17.0,263.0,1.0,4.32,0.96,0.0,1042.5,4.25,0.004,2
376,1.6475,20.0,5.5,537.0,0.26,0.42,3.708,0.0,0.21,0.26,1.75,591.0,2.7,18.9,0.92,18.6,17.0,294.0,4.0,5.06,1.35,2.0,296.9,4.25,0.004,2
377,3.92,165.0,5.5,264.0,0.41,0.76,2.485,0.0,0.25,0.03,1.8,584.0,2.7,51.7,1.13,25.125,17.0,190.0,5.0,6.89,2.83,2.0,488.5,4.25,0.004,0
378,1.6475,116.2,8.88,486.0,0.38,0.71,4.116,0.0,0.13,0.3,1.01,1481.0,12.0,11.4,1.29,23.4,2.0,209.0,2.0,6.08,2.75,0.0,184.1,4.25,0.004,2
379,1.6475,0.0,15.7,624.0,0.74,0.33,3.61,0.015,0.13,0.45,0.25,2417.0,0.0,66.2,0.68,28.8,14.0,270.0,7.0,4.27,0.94,1.0,565.5,4.25,0.004,1
380,1.6475,23.8,7.17,415.0,0.16,0.41,3.182,0.0,0.13,0.23,1.43,1301.0,10.0,15.1,0.77,17.9,3.0,221.0,3.0,4.99,1.33,1.0,210.8,4.25,0.004,2
381,1.6475,162.2,2.9,281.0,0.42,0.74,2.339,0.0,0.25,0.03,1.79,610.0,17.0,56.1,1.13,24.7,3.0,159.0,5.0,7.08,2.78,1.0,480.7,4.25,0.004,0
382,1.71,118.0,3.111,283.0,0.33,0.73,0.733,0.0,0.2,0.0,1.2,542.0,24.0,60.5,0.67,25.125,6.0,131.0,5.0,7.12,1.91,1.0,423.3,4.25,0.004,0
383,0.59,171.3,1.4,212.5,0.375,0.62,0.6395,0.0,0.21,0.0,1.44,330.5,0.0,46.65,0.735,25.125,4.0,191.5,5.0,7.37,2.83,1.0,375.95,6.5,0.004,0
384,1.6475,162.8,8.81,541.0,0.4,0.86,4.223,0.0,0.15,0.42,0.98,1577.0,6.0,26.1,1.59,26.7,17.0,208.0,2.0,6.18,3.39,1.0,233.6,4.25,0.004,3
385,1.6475,0.0,18.115,765.5,0.74,0.33,4.323,0.0,0.12,0.505,0.215,2635.0,0.0,47.8,0.795,30.2,126.0,230.5,7.5,4.26,0.965,2.0,608.75,4.25,0.004,1
386,1.6475,17.6,8.62,424.0,0.11,0.42,3.303,0.0,0.1,0.26,1.29,1471.0,14.0,23.6,0.81,18.0,22.0,234.0,3.0,4.97,1.42,1.0,292.3,4.25,0.004,2
387,1.94,160.0,2.333,264.0,0.39,0.74,2.442,0.0,0.25,0.0,1.75,618.0,1.0,48.5,1.13,25.125,11.0,161.0,5.0,7.14,2.74,1.0,477.8,2.5,0.004,0
388,1.42,121.4,2.333,230.0,0.32,0.72,0.599,0.0,0.19,0.0,1.17,558.0,1.0,48.9,0.66,25.125,8.0,122.0,4.0,7.23,1.89,0.0,478.2,4.25,0.004,0
389,1.6475,169.4,8.775,529.0,0.3,0.91,5.22,0.0,0.1,0.49,0.93,1672.0,13.0,11.3,1.69,26.0,17.0,263.0,3.0,6.33,3.51,1.0,206.8,4.25,0.004,3
390,1.6475,0.0,15.925,726.0,0.72,0.37,4.715,0.0,0.11,0.56,0.17,1455.0,0.0,24.4,0.87,30.2,110.0,304.0,4.0,4.4,1.11,0.0,382.8,4.25,0.004,2
391,1.6475,27.0,5.567,454.5,0.08,0.435,3.98,0.0,0.1,0.345,1.2,1112.5,19.0,0.0,0.865,17.85,17.5,327.5,2.5,5.05,1.495,1.0,189.85,4.25,0.004,2
392,1.6475,161.2,0.159,246.0,0.38,0.73,2.41,0.0,0.23,0.0,1.74,603.0,0.0,57.7,1.11,23.9,7.0,162.0,4.0,7.19,2.71,0.0,482.9,4.25,0.004,0
393,0.76,177.2,2.89,218.0,0.38,0.62,0.576,0.0,0.22,0.0,1.43,365.0,0.0,29.4,0.75,25.125,1.0,186.0,4.0,7.39,2.83,0.0,322.6,4.25,0.004,0
394,1.6475,240.15,12.3355,541.5,0.365,1.14,5.297,0.0,0.13,0.52,0.915,1556.0,22.0,67.0,1.95,32.125,17.5,316.0,3.5,6.53,4.245,1.0,294.55,4.25,0.004,3
395,1.6475,0.0,19.966,887.0,0.79,0.44,5.216,0.0,0.12,0.63,0.11,3006.0,3.0,39.15,0.95,30.75,164.0,297.0,4.0,4.35,1.34,0.0,450.7,4.25,0.004,1
396,1.6475,27.4,9.373,582.0,0.12,0.46,3.929,0.0,0.07,0.42,0.81,1660.0,18.0,39.15,0.9,18.25,20.0,435.0,3.0,5.07,1.66,1.0,334.6,4.25,0.004,2
397,1.6475,157.6,2.191,236.0,0.42,0.77,2.364,0.0,0.24,0.04,1.76,608.0,0.0,39.15,1.14,24.5,16.0,156.0,3.0,7.22,2.76,0.0,481.5,4.25,0.004,0
398,0.98,160.6,2.729,241.0,0.41,0.75,0.41,0.0,0.24,0.0,1.77,600.0,5.0,39.15,1.13,25.125,12.0,164.0,4.0,7.12,2.76,1.0,426.6,4.0,0.004,0
399,1.47,120.8,2.963,243.0,0.35,0.73,0.562,0.0,0.2,0.0,1.15,521.0,1.0,34.2,0.67,25.125,9.0,118.0,3.0,6.8,1.89,1.0,415.3,4.25,0.004,0
400,1.6475,257.0,15.258,731.0,0.25,1.21,5.321,0.0,0.11,0.65,0.71,1850.0,24.0,11.9,1.98,33.5,17.0,340.0,3.0,6.43,4.66,2.0,282.5,4.25,0.004,3
401,1.6475,0.0,17.6085,944.0,0.78,0.49,5.108,0.0153,0.115,0.645,0.08,3403.5,0.0,26.8,0.99,32.05,117.0,312.0,3.5,4.3,1.455,2.0,391.65,4.25,0.004,1
402,1.6475,43.8,9.834,651.0,0.11,0.5,2.633,0.0,0.12,0.53,0.54,1854.0,2.0,23.7,0.95,19.0,15.0,445.0,3.0,5.07,1.78,2.0,303.4,4.25,0.004,2
403,1.6475,160.2,2.782,264.0,0.42,0.74,2.357,0.0,0.24,0.0,1.75,602.0,0.0,44.2,1.12,24.4,10.0,166.0,5.0,7.17,2.75,2.0,458.6,4.25,0.004,0
404,0.87,171.0,2.033,152.0,0.4,0.63,0.538,0.0,0.21,0.0,1.44,339.0,0.0,30.5,0.75,25.125,16.0,183.0,3.0,7.37,2.89,1.0,363.4,5.25,0.004,0
405,1.6475,50.8,12.727,571.0,0.12,0.49,2.409,0.0,0.15,0.49,0.59,1759.0,1.0,81.6,0.96,17.5,16.0,345.0,7.0,5.23,1.73,0.0,691.0,4.25,0.004,2
406,1.6475,160.6,1.41,230.0,0.41,0.74,2.585,0.0,0.26,0.0,1.76,624.0,0.0,43.4,1.13,24.75,13.0,156.0,2.0,7.28,2.72,0.0,533.5,4.25,0.004,0
407,1.5,161.8,3.501,250.0,0.41,0.75,2.354,0.0,0.25,0.0,1.77,618.0,0.0,33.3,1.18,25.125,17.0,160.0,2.0,7.25,2.8,0.0,407.9,4.25,0.004,0
408,1.6475,255.8,24.71,664.0,0.3,1.28,5.68,0.0,0.15,0.86,0.53,1975.0,54.0,33.6,1.92,34.3,37.0,325.0,5.0,6.41,5.06,1.0,333.6,4.25,0.004,3
409,1.6475,0.0,14.9565,719.0,0.645,0.535,4.815,0.01695,0.105,0.71,0.05,3551.5,0.0,27.1,0.985,35.1,64.0,315.0,4.5,4.26,1.635,3.0,314.45,4.25,0.004,1
410,1.6475,20.2,9.357,542.0,0.07,0.49,4.156,0.0,0.14,0.58,0.45,1998.0,0.0,27.4,0.93,18.2,14.0,413.0,4.0,4.95,1.83,0.0,314.7,4.25,0.004,2
411,1.6475,157.4,1.772,237.0,0.41,0.74,2.331,0.0,0.25,0.0,1.74,619.0,1.0,90.3,1.14,24.5,4.0,152.0,4.0,7.26,2.79,1.0,737.0,4.25,0.004,0
412,0.89,198.0,2.842,176.0,0.39,0.62,0.492,0.0,0.2,0.0,1.43,335.0,0.0,40.5,0.74,25.125,14.0,177.0,5.0,7.42,2.85,3.0,492.1,4.25,0.004,0
413,1.6475,370.55,12.3745,775.0,0.285,1.26,6.1505,0.0325,0.145,0.92,0.505,1939.5,38.0,56.5,1.885,38.25,23.5,451.5,7.0,6.31,5.345,0.0,768.0,4.25,0.004,3
414,1.6475,15.0,21.358,896.0,0.68,0.56,5.079,0.0174,0.15,0.81,0.06,3806.0,0.0,32.6,1.07,36.0,59.0,325.0,5.0,4.24,1.84,0.0,305.4,4.25,0.004,1
415,1.6475,100.0,10.65,631.0,0.04,0.47,4.289,0.0,0.14,0.61,0.4,1915.0,3.0,18.8,0.91,19.3,0.0,479.0,3.0,5.04,1.87,0.0,275.1,4.25,0.004,2
416,1.6475,194.0,2.847,265.0,0.37,0.71,2.308,0.0,0.24,0.0,1.74,616.0,1.0,56.4,1.09,24.5,0.0,151.0,3.0,7.32,2.81,0.0,481.3,4.25,0.004,0
417,1.94,192.0,1.059,249.0,0.395,0.71,2.308,0.0,0.26,0.0,1.745,612.0,1.0,55.8,1.09,25.125,7.0,159.0,4.5,7.2,2.835,0.0,461.05,4.25,0.004,0
418,1.115,165.0,1.53,257.5,0.335,0.7,0.5175,0.0,0.205,0.0,1.15,527.0,0.0,37.4,0.645,25.125,6.0,133.5,3.0,7.17,1.985,0.0,449.15,4.25,0.004,0
419,1.6475,209.5,2.0425,256.5,0.385,0.69,1.1595,0.0,0.245,0.0,1.76,605.0,0.0,46.15,1.085,0.805,8.5,169.0,3.5,7.28,2.86,0.0,494.1,4.25,0.004,0
420,0.795,179.8,1.5365,216.0,0.38,0.57,0.462,0.0,0.18,0.0,1.47,335.5,0.0,104.65,0.73,25.125,19.0,190.5,4.0,7.39,2.99,0.0,952.9,4.25,0.004,0
421,1.82,196.0,1.111,275.0,0.41,0.77,2.3,0.0,0.23,0.0,1.9,587.0,0.0,64.3,1.15,25.125,25.0,160.0,4.0,7.21,2.81,1.0,504.0,4.25,0.004,0
422,1.04,173.0,2.689,238.0,0.34,0.75,0.512,0.0,0.17,0.0,1.17,512.0,0.0,41.9,0.69,25.125,28.0,129.0,3.0,7.08,1.95,1.0,403.2,4.25,0.004,0
423,1.68,174.0,2.493,267.0,0.41,0.77,0.088,0.0,0.24,0.0,1.85,589.0,1.0,54.5,1.14,25.125,36.0,162.0,3.0,7.28,2.85,2.0,497.0,4.25,0.004,0
424,1.06,132.0,2.493,258.0,0.37,0.76,0.502,0.0,0.22,0.0,1.22,514.0,2.0,42.7,0.73,25.125,34.0,127.0,3.0,7.16,1.96,0.0,436.1,4.25,0.004,0
425,0.97,181.0,1.55,205.0,0.395,0.63,0.407,0.0,0.195,0.0,1.455,341.0,0.0,56.4,0.765,25.125,12.5,188.5,3.5,7.35,2.905,5.0,542.5,4.25,0.004,0
426,2.49,171.2,1.828,233.0,0.41,0.77,3.192,0.0,0.23,0.0,1.84,601.0,11.0,58.9,1.14,25.125,0.0,167.0,3.0,7.2,2.84,0.0,492.9,4.0,0.004,0
427,1.32,138.0,1.3,251.0,0.34,0.76,0.486,0.0,0.16,0.0,1.21,519.0,6.0,47.3,0.69,25.125,12.0,141.0,2.0,7.21,1.98,0.0,458.2,4.25,0.004,0
428,1.35,184.0,2.2,195.0,0.39,0.63,0.365,0.0,0.2,0.0,1.49,338.0,5.0,44.8,0.78,25.125,8.0,204.0,4.0,7.35,2.89,0.0,498.9,4.25,0.004,0
429,2.805,171.5,3.0,235.5,0.41,0.765,2.205,0.0,0.225,0.0,1.85,570.0,1.5,47.15,1.15,25.125,20.5,183.5,3.5,7.07,2.835,0.0,428.5,4.25,0.004,0
430,1.6475,95.0,16.416,811.0,0.25,1.35,5.825,0.0205,0.4,0.53,8.38,2168.0,10.0,31.0,1.79,43.1,33.0,291.0,6.0,5.53,5.06,8.0,300.7,4.25,0.004,3
431,1.6475,0.0,14.303,468.0,0.49,1.18,4.091,0.0316,0.26,0.74,3.61,4830.0,0.0,75.3,1.11,60.0,56.0,445.0,8.0,4.02,3.27,1.0,644.5,4.25,0.004,1
432,1.6475,10.0,12.367,808.0,0.36,0.88,4.51,0.0178,0.49,0.45,3.58,2590.0,1.0,63.3,1.04,35.6,42.0,470.0,8.0,4.62,2.96,1.0,517.0,4.25,0.004,2
433,4.59,113.0,2.508,261.0,0.35,0.76,0.523,0.0,0.16,0.0,1.18,593.0,2.0,54.5,0.67,25.125,20.0,136.0,4.0,6.84,1.96,1.0,562.5,4.25,0.004,0
434,1.6475,81.0,9.065,528.0,0.19,0.84,5.043,0.0113,0.27,0.51,2.9,2100.0,11.0,24.8,1.36,27.5,66.0,236.0,4.0,5.5,3.28,7.0,179.8,4.25,0.004,2
435,1.6475,0.0,9.584,639.0,0.38,0.88,3.591,0.0221,0.23,0.6,3.15,3937.0,0.0,37.1,1.01,161.0,80.0,375.0,3.0,4.09,2.49,2.0,300.9,4.25,0.004,1
436,1.6475,13.0,4.832,706.0,0.165,0.5,4.026,0.0,0.255,0.31,1.72,1583.0,1.0,22.95,0.805,22.8,62.0,321.5,2.5,4.73,1.645,2.0,170.85,4.25,0.004,2
437,1.6475,166.0,1.981,426.0,0.39,0.75,2.148,0.0,0.21,0.0,1.9,580.0,0.0,62.5,1.11,25.0,52.0,194.0,5.0,6.96,2.78,4.0,458.8,4.25,0.004,0
438,3.46,169.0,1.463,255.0,0.39,0.76,2.227,0.0,0.23,0.0,1.9,591.0,0.0,61.9,1.1,25.125,52.0,190.0,5.0,6.95,2.79,4.0,489.5,4.25,0.004,0
439,5.53,118.0,3.5,263.0,0.33,0.74,0.46,0.0,0.15,0.02,1.25,575.0,0.0,71.2,0.67,25.125,1.0,480.0,5.0,6.8,1.94,4.0,677.5,4.25,0.004,0
440,1.6475,89.0,8.8,524.0,0.17,0.77,5.652,0.0,0.25,0.44,2.9,1770.0,7.0,0.0,1.42,26.4,3.0,247.0,1.0,5.67,3.03,5.0,420.1,4.25,0.004,2
441,1.6475,0.0,9.8,731.0,0.34,0.82,4.178,0.0194,0.23,0.58,2.67,3550.0,3.0,15.0,1.01,44.2,14.0,341.0,4.0,4.16,2.32,1.0,250.0,4.25,0.004,1
442,1.6475,17.5,6.1,418.0,0.085,0.45,4.624,0.0,0.3,0.315,1.88,1477.0,6.5,5.95,0.91,20.75,5.0,312.0,3.5,4.85,1.545,1.0,141.65,4.25,0.004,2
443,1.6475,0.0,8.7,662.0,0.34,0.67,4.24,0.0165,0.24,0.54,1.71,3255.0,3.0,25.3,0.96,39.4,48.0,326.0,2.0,4.2,1.92,2.0,211.3,4.25,0.004,1
444,1.6475,29.0,5.8,384.0,0.1,0.43,4.268,0.0,0.31,0.3,1.72,1352.0,1.0,0.0,0.88,19.2,37.0,304.0,1.0,4.96,1.45,2.0,118.3,4.25,0.004,2
445,2.82,138.0,1.5,210.0,0.38,0.62,0.414,0.0,0.17,0.0,1.44,421.0,0.0,52.4,0.74,25.125,32.0,211.0,4.0,7.07,2.82,3.0,561.5,4.25,0.004,0
446,3.16,170.0,3.4,252.0,0.39,0.76,2.317,0.0,0.23,0.0,1.92,586.0,8.0,58.6,1.12,25.125,39.0,218.0,4.0,6.72,2.81,5.0,420.9,3.25,0.004,0
447,1.6475,79.0,8.6,409.0,0.14,0.65,5.581,0.0,0.29,0.4,2.2,1472.0,5.0,0.0,1.34,22.4,15.0,217.0,2.0,5.71,2.49,8.0,117.8,4.25,0.004,2
448,1.6475,0.0,10.0,621.0,0.34,0.63,4.797,0.0145,0.22,0.53,1.32,3144.0,1.0,14.2,0.95,36.7,22.0,293.0,3.0,4.23,1.83,4.0,224.7,4.25,0.004,1
449,1.6475,20.0,6.2,339.0,0.1,0.4,4.555,0.0,0.33,0.27,1.68,1286.0,4.0,0.0,0.87,18.5,17.0,282.0,2.0,4.94,1.35,5.0,125.8,4.25,0.004,2
450,1.6475,163.5,3.9,246.5,0.385,0.745,2.2135,0.0,0.24,0.0,1.87,587.5,13.0,43.85,1.1,25.15,14.0,224.5,5.5,6.65,2.765,9.5,467.35,4.25,0.004,0
451,1.6475,72.0,7.7,411.0,0.16,0.61,5.096,0.0,0.3,0.37,1.98,1472.0,2.0,0.0,1.26,21.1,30.0,204.0,4.0,5.68,2.32,7.0,117.8,4.25,0.004,2
452,1.6475,0.0,8.4,554.0,0.34,0.53,4.416,0.0,0.22,0.47,1.12,1449.0,0.0,21.0,0.89,33.7,43.0,272.0,4.0,4.25,1.51,4.0,221.1,4.25,0.004,2
453,1.6475,15.0,5.2,323.0,0.11,0.38,4.062,0.0,0.29,0.24,1.62,1237.0,0.0,0.0,0.85,17.9,32.0,236.0,4.0,4.29,1.27,4.0,115.2,4.25,0.004,2
454,2.25,182.0,3.4,206.0,0.38,0.63,0.645,0.2013,0.19,0.03,1.41,345.0,0.0,43.2,0.72,25.125,28.0,270.0,4.0,6.74,2.9,4.0,480.3,4.25,0.004,0
455,3.58,128.0,3.3,279.0,0.34,0.76,0.718,0.0,0.19,0.03,1.26,541.0,1.0,60.4,0.66,25.125,17.0,228.0,4.0,6.52,2.08,4.0,555.0,4.25,0.004,0
456,3.04,169.0,3.9,271.0,0.38,0.75,2.532,0.0147,0.24,0.05,1.9,555.0,34.0,46.7,1.11,25.125,30.0,250.0,4.0,6.6,2.81,7.0,393.9,4.25,0.004,0
457,1.6475,75.0,8.3,437.0,0.2,0.65,5.574,0.0,0.36,0.4,2.2,1449.0,8.0,16.8,1.48,22.6,43.0,224.0,4.0,5.84,2.58,6.0,257.6,4.25,0.004,2
458,1.6475,20.0,5.5,385.0,0.13,0.38,4.436,0.0,0.34,0.28,1.59,1229.0,7.0,0.0,0.92,18.0,42.0,274.0,4.0,5.0,1.31,5.0,131.4,4.25,0.004,2
459,1.6475,164.0,4.3,289.0,0.42,0.75,2.368,0.0,0.24,0.04,1.9,574.0,33.0,36.1,1.14,25.6,38.0,262.0,4.0,6.6,2.85,7.0,432.1,4.25,0.004,0
460,0.98,160.6,1.3,284.91,0.41,0.81,2.566,0.0,0.24,0.03,2.04,554.0,68.4,32.0,1.02,25.125,2.85,281.0,4.0,6.47,2.72,0.6,308.0,4.125,0.004,0
461,1.6475,105.6,5.0,422.03,0.41,0.66,4.507,0.0,0.24,0.26,1.71,1176.0,29.9,22.0,1.19,28.1,10.24,226.0,2.0,5.99,2.19,1.8,174.0,4.25,0.004,2
462,1.6475,0.0,8.2,500.1,0.53,0.26,4.255,0.0,0.14,0.29,0.68,2130.0,2.0,37.0,0.65,16.1,13.46,259.0,4.0,4.27,0.78,3.5,451.0,4.25,0.004,2
463,1.6475,24.6,4.3,361.7,0.23,0.37,3.434,0.0,0.18,0.22,1.73,974.0,39.5,15.0,0.65,21.5,17.42,248.0,3.0,5.2,1.05,2.1,181.0,4.25,0.004,2
464,1.51,171.8,1.1,220.23,0.36,0.65,0.887,0.1055,0.19,0.0,1.58,310.0,53.2,40.0,0.65,25.125,12.52,291.0,6.0,6.64,2.74,2.5,353.0,5.5,0.004,0
465,1.6475,95.0,6.6,577.0,0.44,0.64,4.673,0.0,0.24,0.27,1.82,1220.0,23.6,14.0,1.37,23.5,27.78,248.0,3.0,4.34,2.37,2.9,150.0,4.25,0.004,2
466,1.6475,0.0,10.1,692.981,0.5,0.27,4.582,0.0,0.15,0.4,0.73,2129.0,0.5,55.0,0.73,26.0,40.55,278.0,7.0,5.1,0.74,4.8,450.0,4.25,0.004,2
467,1.6475,156.9,2.3,375.4995,0.355,0.685,2.5155,0.0,0.285,0.03,2.045,554.5,51.75,43.5,1.03,24.75,25.785,240.5,4.0,6.67,2.52,2.65,353.5,4.25,0.004,0
468,1.6475,140.6,8.7,449.836,0.43,0.67,4.694,0.0,0.18,0.2,1.95,1240.0,7.6,23.0,1.55,25.125,20.57,212.0,2.0,6.27,2.51,2.7,155.0,4.25,0.004,3
469,1.6475,0.0,13.1,577.399,0.47,0.3,5.035,0.0,0.15,0.45,0.71,2156.0,0.0,47.0,0.79,26.5,61.25,265.0,6.0,4.37,0.83,6.0,450.0,4.25,0.004,1
470,1.6475,26.6,6.2,383.261,0.15,0.35,3.683,0.0,0.2,0.25,1.95,1091.0,35.2,29.0,0.82,17.0,21.71,278.0,3.0,5.08,1.11,2.7,193.0,4.25,0.004,2
471,1.6475,161.4,3.95,256.9095,0.385,0.685,2.5085,0.0,0.245,0.03,2.14,563.0,30.25,47.5,1.06,25.25,13.87,196.5,4.5,6.94,2.52,1.9,430.0,4.25,0.004,0
472,3.07,162.0,4.2,250.579,0.37,0.68,2.524,0.0,0.24,0.0,2.14,572.0,24.5,59.0,1.03,25.125,3.36,193.0,4.0,7.01,2.52,1.3,510.0,2.75,0.004,0
473,2.35,176.2,3.7,194.115,0.33,0.55,0.799,0.043,0.23,0.0,1.56,332.0,0.0,62.0,0.69,25.125,6.73,209.0,6.0,7.21,2.54,1.4,480.0,3.0,0.004,0
474,2.06,123.6,2.4,234.7,0.34,0.69,0.843,0.0,0.21,0.02,1.45,525.0,0.59,60.0,0.64,25.125,6.27,141.0,4.0,5.4,1.78,0.6,556.0,4.25,0.004,0
475,1.6475,120.0,6.6,438.1,0.34,0.62,4.429,0.026,0.18,0.31,1.54,1411.0,9.13,12.0,1.42,23.0,3.56,229.0,2.0,6.02,2.34,1.7,208.0,4.25,0.004,2
476,1.6475,0.0,9.6,503.4,0.43,0.3,4.133,0.0191,0.14,0.43,0.56,2339.0,1.1,47.0,0.78,28.0,38.72,252.0,6.0,4.34,0.81,5.6,496.0,4.25,0.004,1
477,1.6475,159.6,2.1,246.15,0.38,0.665,2.458,0.0,0.26,0.0,2.09,566.5,21.375,60.5,1.05,24.25,13.31,170.0,4.5,7.11,2.445,1.25,624.5,4.25,0.004,0
478,1.12,171.4,2.4,212.1,0.37,0.55,0.747,0.0,0.19,0.0,1.43,311.0,2.05,43.0,0.69,25.125,12.2,200.0,3.0,7.25,2.55,0.9,415.0,5.0,0.004,0
479,1.6475,162.8,8.0,489.5,0.43,0.74,4.512,0.0,0.14,0.31,1.58,1373.0,5.0,17.0,1.62,26.5,13.87,293.0,2.0,6.25,2.76,2.2,227.0,4.25,0.004,3
480,1.6475,0.0,48.9,669.3,0.46,0.32,4.675,0.0,0.16,0.44,0.52,2367.0,1.77,106.0,0.88,28.0,72.0,275.0,7.0,4.35,0.88,7.0,1745.0,4.25,0.004,1
481,1.6475,28.6,4.8,388.2,0.09,0.34,3.372,0.0,0.15,0.26,1.68,1224.0,17.5,17.0,0.81,17.5,15.19,346.0,1.0,5.07,1.14,2.3,236.0,4.25,0.004,2
482,1.6475,158.8,2.4,274.0,0.445,0.645,2.249,0.0,0.245,0.0,2.045,586.5,4.705,69.0,1.055,25.25,12.49,173.5,4.5,7.18,2.375,1.15,772.0,4.25,0.004,0
483,3.95,162.0,2.9,255.55,0.36,0.64,2.3635,0.0,0.23,0.0,1.975,578.0,5.07,64.0,1.035,25.125,21.24,170.5,3.5,7.17,2.355,1.5,542.0,4.25,0.004,0
484,2.065,121.2,3.25,271.1,0.305,0.635,0.7795,0.0,0.185,0.0,1.37,531.0,4.155,50.5,0.63,25.125,22.18,136.0,4.5,7.08,1.66,0.7,433.5,4.25,0.004,0
485,1.6475,108.8,8.5,396.6,0.27,0.6,4.555,0.0,0.1,0.39,1.08,1733.0,4.2,24.0,1.23,25.125,22.09,263.0,2.0,5.86,2.36,2.4,241.0,4.25,0.004,2
486,1.6475,0.0,9.2,342.7,0.38,0.31,3.697,0.0149,0.13,0.39,0.31,2440.0,0.51,26.0,0.81,25.125,25.69,284.0,3.0,4.3,0.86,3.8,341.0,4.25,0.004,2
487,1.6475,170.1,2.9,239.4,0.495,0.32,2.3475,0.525,0.26,0.185,1.985,586.0,3.3,55.0,1.695,25.125,20.495,166.0,3.5,7.17,2.325,1.2,588.5,4.25,0.004,0
488,1.05,174.0,3.1,174.1315,0.335,0.58,0.629,0.0,0.195,0.0,1.645,332.5,3.1,37.5,0.66,25.125,9.195,202.0,2.0,7.37,2.7,0.85,359.5,4.25,0.004,0
489,1.6475,178.4,10.4,487.598,0.35,0.89,5.104,0.0,0.15,0.44,0.12,1630.0,7.99,14.0,1.48,27.0,13.54,306.0,1.0,6.3,3.43,2.7,147.0,4.25,0.004,3
490,1.6475,0.0,8.4,502.818,0.33,0.34,4.289,0.0,0.13,0.41,0.26,2521.0,7.47,17.0,0.83,27.5,35.2,282.0,1.0,4.33,1.02,6.2,249.0,4.25,0.004,1
491,1.6475,159.1,3.1,241.5875,0.35,33.835,2.29,0.0,0.235,0.0,2.045,598.5,2.435,50.0,0.99,23.75,25.83,167.5,3.0,7.2,2.495,1.45,475.5,4.25,0.004,0
492,1.82,163.0,3.1,239.832,0.35,0.67,2.384,0.0,0.26,0.0,2.05,615.0,2.37,56.0,0.95,25.125,9.4,166.0,3.0,7.17,2.52,1.0,467.0,4.25,0.004,0
493,1.69,124.4,4.1,263.132,0.3,0.67,0.738,0.0,0.19,0.0,1.27,536.0,0.34,32.0,0.59,25.125,15.12,147.0,3.0,7.12,1.77,0.7,351.0,4.25,0.004,0
494,1.6475,251.2,14.8,600.6925,0.375,1.175,5.685,0.0,0.125,0.575,0.815,1819.5,8.62,7.0,1.755,32.5,24.1,332.5,2.0,6.51,4.415,2.8,179.5,4.25,0.004,3
495,1.6475,0.0,11.1,656.294,0.48,0.42,5.381,0.0,0.19,0.5,0.16,2811.0,4.1,18.0,0.99,28.5,53.19,286.0,2.0,4.33,1.26,8.0,194.0,4.25,0.004,1
496,1.6475,41.8,8.6,527.15,0.18,0.4,3.777,0.0,0.23,0.33,0.96,1513.0,6.43,0.0,0.83,16.5,25.6,435.0,1.0,5.02,1.4,2.1,194.0,4.25,0.004,2
497,1.6475,157.6,4.3,262.836,0.39,0.71,2.321,0.0,0.27,0.0,1.84,610.0,0.98,37.0,1.08,23.5,23.88,168.0,2.0,7.18,2.57,1.4,388.0,4.25,0.004,0
498,1.6475,194.0,19.8,826.7,0.51,1.45,5.774,0.0,0.13,0.81,0.59,2055.0,8.5,12.0,1.83,39.0,18.9,384.0,2.0,6.48,5.51,2.0,255.0,4.25,0.004,3
499,1.6475,162.2,4.2,317.2,0.41,0.7,2.361,0.0,0.29,0.0,2.0,646.0,1.7,55.0,1.08,24.5,10.4,158.0,3.0,7.16,2.57,0.8,620.0,4.25,0.004,0
500,0.73,173.4,3.7,215.5,0.35,0.57,0.661,0.0,0.19,0.0,1.56,363.0,1.7,27.0,0.64,25.125,23.1,187.0,2.0,7.14,2.67,1.7,280.0,7.75,0.004,0
501,1.345,164.5,2.75,285.6,0.365,0.68,2.9795,0.0,0.265,0.0,1.965,609.5,1.8,40.5,0.97,25.125,21.7,170.0,3.0,7.02,2.51,1.7,405.0,5.0,0.004,0
502,1.03,127.5,2.4,288.35,0.28,0.67,0.9835,0.0,0.205,0.0,1.195,556.5,2.95,31.5,0.58,25.125,18.2,148.5,3.0,7.0,1.745,0.6,379.5,4.25,0.004,0
503,1.6475,166.9,12.65,700.0,0.205,0.905,6.4535,0.0,0.15,0.59,0.75,2035.5,14.0,31.5,1.27,28.25,28.9,335.0,4.5,5.88,3.635,2.85,298.0,4.25,0.004,3
504,1.6475,0.0,8.8,713.7,0.25,0.48,6.426,0.0,0.12,0.52,0.07,3591.0,0.6,28.0,0.88,35.5,43.3,342.0,3.0,3.99,1.45,6.6,341.0,4.25,0.004,1
505,1.6475,34.0,9.5,674.6,0.06,0.5,6.309,0.0,0.28,0.54,0.52,2200.0,5.1,37.0,0.79,25.125,50.7,382.0,4.0,4.81,1.89,3.3,356.0,4.25,0.004,2
506,1.6475,159.0,2.6,302.3,0.36,0.68,1.815,0.0,0.28,0.0,1.88,607.0,1.9,46.0,0.99,24.5,24.5,160.0,3.0,7.09,2.48,1.3,460.0,4.25,0.004,0
507,0.945,167.6,2.1,209.25,0.31,0.535,0.595,0.0,0.185,0.0,1.395,370.0,1.7,30.5,0.615,25.125,12.95,179.5,2.0,6.98,2.475,0.95,403.0,4.25,0.004,0
508,1.6475,136.4,10.4,668.85,0.22,0.81,4.958,0.0178,0.085,0.625,0.745,2044.0,4.95,31.5,1.065,24.75,31.05,300.0,2.5,5.72,3.365,3.9,271.0,4.25,0.004,2
509,1.6475,13.4,4.9,460.5,0.03,0.38,3.913,0.0,0.07,0.3,1.11,1674.0,3.7,0.0,0.62,17.5,29.8,316.0,1.0,4.64,1.37,2.8,113.0,4.25,0.004,2
510,1.6475,141.2,2.3,292.5,0.3,0.58,2.169,0.0,0.25,0.02,1.5,736.0,2.1,48.0,0.89,22.9,17.4,155.0,4.0,6.64,2.12,1.7,425.0,4.25,0.004,0
511,1.78,141.4,2.2,275.2,0.48,0.77,2.288,0.0,0.22,0.0,1.74,692.0,2.2,39.15,1.26,25.125,13.6,152.0,4.0,6.84,2.66,1.1,454.25,2.75,0.004,0
512,1.6475,196.4,13.0,734.1,0.32,0.99,5.613,0.0181,0.1,0.79,0.47,2175.0,8.5,35.0,1.22,28.0,20.5,315.0,2.0,6.02,3.98,2.5,315.0,4.25,0.004,3
513,1.6475,0.0,7.3,616.3,0.25,0.36,4.281,0.0145,0.07,0.48,0.14,2873.0,0.9,12.0,0.75,32.5,31.0,317.0,1.0,4.34,1.08,5.8,184.0,4.25,0.004,1
514,1.6475,20.6,6.3,465.0,0.03,0.43,4.43,0.0,0.06,0.39,0.88,1629.0,2.7,25.0,0.75,17.0,24.0,330.0,1.0,4.81,1.57,2.3,149.0,4.25,0.004,2
515,1.6475,136.3,2.5,279.5,0.335,0.64,2.2075,0.0,0.195,0.02,1.58,749.0,2.1,61.5,0.93,22.5,15.6,156.0,3.5,6.75,2.29,1.35,502.5,4.25,0.004,0
516,1.56,117.4,3.4,349.9,0.27,0.67,0.793,0.0,0.15,0.03,1.07,601.0,2.7,46.0,0.59,25.125,12.6,122.0,2.0,6.76,1.67,0.7,446.0,4.25,0.004,0
517,1.6475,0.0,8.7,687.75,0.2,0.395,4.4245,0.01505,0.075,0.52,0.105,3216.5,0.3,18.0,0.79,34.0,30.45,298.5,2.0,4.05,1.18,6.85,152.0,4.25,0.004,1
518,1.6475,24.2,7.6,550.6,0.07,0.4,4.624,0.0,0.16,0.4,0.73,1812.0,2.9,0.0,0.76,17.9,13.8,283.0,2.0,4.74,1.46,2.3,117.0,4.25,0.004,2
519,1.6475,144.0,3.6,273.2,0.33,0.62,2.303,0.0,0.2,0.0,1.62,732.0,0.4,54.0,0.92,22.5,31.4,145.0,4.0,6.76,2.22,0.8,447.0,4.25,0.004,0
520,1.6475,375.2,25.0,256.4,0.66,1.56,6.409,0.0161,0.29,1.28,0.42,2226.0,56.8,34.0,1.67,43.0,37.5,395.0,4.0,6.56,6.3,2.8,530.0,4.25,0.004,3
521,1.6475,0.0,10.2,874.9,0.26,0.47,5.67,0.017,0.09,0.65,0.06,3628.0,2.2,0.0,0.9,31.5,37.2,216.0,2.0,4.11,1.52,7.5,171.0,4.25,0.004,1
522,1.6475,39.8,9.1,502.4,0.03,0.4,4.93,0.0,0.08,0.5,0.52,1731.0,4.9,28.0,0.75,16.5,27.1,281.0,2.0,4.96,1.5,2.6,260.0,4.25,0.004,2
523,1.6475,240.2,2.6,294.7,0.33,0.62,2.307,0.0,0.25,0.0,1.64,782.0,6.1,43.0,0.92,22.5,16.6,132.0,3.0,6.98,2.32,1.4,574.0,4.25,0.004,0
524,0.97,169.4,2.4,252.2,0.33,0.53,0.622,0.0,0.2,0.0,1.3,400.0,3.2,27.0,0.64,25.125,8.7,171.0,3.0,6.98,2.39,0.1,405.0,5.0,0.004,0
525,2.528,145.6,17.1,306.6,0.35,0.63,2.346,0.0,0.21,0.0,1.65,781.0,6.0,43.0,0.93,25.125,12.0,143.0,3.0,6.89,2.34,0.8,469.0,3.0,0.004,0
526,1.155,119.7,2.4,260.1,0.3,0.71,0.779,0.0,0.165,0.02,1.105,609.0,1.45,43.0,0.63,25.125,15.55,132.5,3.0,6.89,1.86,0.6,423.5,4.25,0.004,0
527,1.6475,358.3,22.35,674.9,0.55,1.485,6.036,0.0151,0.15,1.225,0.305,2234.5,42.15,40.5,1.54,43.5,70.2,456.5,4.0,6.49,5.98,4.25,596.5,4.25,0.004,3
528,1.6475,144.2,3.1,291.2,0.34,0.63,2.234,0.0,0.23,0.0,1.66,765.0,1.2,96.0,0.94,23.5,40.2,141.0,4.0,6.98,2.34,1.1,798.0,4.25,0.004,0
529,1.6475,360.8,21.3,679.6,0.64,1.44,6.019,0.0184,0.17,1.08,0.29,2148.0,42.3,40.0,1.56,42.0,26.9,456.0,5.0,6.37,5.82,4.2,706.0,4.25,0.004,3
530,1.6475,54.4,13.4,524.1,0.17,0.44,4.794,0.0163,0.12,0.53,0.98,1599.0,4.3,100.0,0.83,17.5,19.8,299.0,9.0,5.12,1.66,3.1,905.0,4.25,0.004,2
531,1.6475,133.4,2.7,256.85,0.33,0.62,2.2165,0.0,0.205,0.0,1.56,726.5,2.65,42.5,0.95,22.25,14.75,127.0,2.0,6.95,2.335,1.4,658.0,4.25,0.004,0
532,3.39,144.0,2.8,243.8,0.35,0.65,2.279,0.0,0.24,0.02,1.61,719.0,2.1,0.0,0.97,25.125,13.8,139.0,1.0,6.83,2.47,0.9,463.0,4.25,0.004,0
533,1.39,123.0,7.6,267.5,0.28,0.7,0.743,0.0,0.15,0.0,1.04,592.0,2.0,0.0,0.63,25.125,19.0,120.0,2.0,6.88,1.92,0.4,363.0,4.25,0.004,0
534,1.6475,318.8,18.0,645.7,0.57,1.28,6.853,0.0168,0.2,0.83,0.6,1766.0,43.0,38.0,1.56,40.0,39.0,392.0,5.0,6.44,5.23,2.8,544.0,4.25,0.004,3
535,1.6475,0.0,12.3,721.8,0.19,0.6,6.371,0.0213,0.16,0.76,0.16,4223.0,10.0,22.0,0.96,38.5,64.0,306.0,4.0,4.06,2.0,6.8,305.0,4.25,0.004,1
536,1.6475,38.2,11.1,556.2,0.06,0.45,6.364,0.0,0.19,0.54,0.71,1985.0,34.0,21.0,0.8,25.125,55.0,405.0,3.0,4.95,1.77,1.7,241.0,4.25,0.004,2
537,1.6475,146.8,3.3,254.15,0.33,0.595,2.2585,0.0,0.21,0.0,1.585,705.5,8.0,53.5,0.93,23.0,28.0,135.0,3.5,6.03,2.34,0.0,593.5,4.25,0.004,0
538,1.6475,283.8,15.1,629.2,0.44,1.17,6.941,0.0173,0.13,0.77,0.77,1781.0,52.6,23.0,1.6,36.5,29.4,363.0,4.0,6.28,4.82,3.1,443.0,4.25,0.004,3
539,1.6475,0.0,9.9,745.8,0.19,0.6,4.604,0.0213,0.12,0.66,0.11,4404.0,1.8,0.0,0.88,42.5,42.5,311.0,2.0,3.87,1.96,6.3,220.0,4.25,0.004,1
540,1.6475,146.3,3.15,255.2,0.33,0.595,2.1295,0.0,0.225,0.0,1.655,726.5,3.1,67.0,0.925,23.25,18.85,128.5,3.5,6.99,2.37,1.45,782.5,4.25,0.004,0
541,3.47,153.0,2.8,255.7,0.36,0.61,2.258,0.0,0.24,0.0,1.69,719.0,2.7,52.0,0.95,25.125,15.8,146.0,2.0,6.73,2.42,1.4,523.0,3.0,0.004,0
542,1.74,168.6,2.8,208.2,0.36,0.57,0.521,0.0,0.2,0.0,1.38,393.0,1.0,32.0,0.66,25.125,8.8,169.0,2.0,6.86,2.54,0.7,435.0,4.25,0.004,0
543,1.645,124.2,2.8,243.5,0.28,0.66,0.68,0.0,0.19,0.0,1.155,587.5,11.45,35.5,0.57,25.125,14.0,122.5,0.5,6.83,1.71,1.0,407.5,4.25,0.004,0
544,1.6475,315.0,15.7,579.3,0.6,1.28,6.434,0.0224,0.22,0.79,0.77,1745.0,15.4,29.0,1.63,38.0,22.9,415.0,4.0,6.29,4.84,3.4,440.0,4.25,0.004,3
545,1.6475,0.0,10.8,716.4,0.24,0.67,4.642,0.0223,0.15,0.72,0.1,4179.0,0.4,27.0,0.88,40.5,50.2,285.0,3.0,3.93,2.02,6.6,449.0,4.25,0.004,1
546,1.6475,40.6,9.4,515.7,0.07,0.48,5.924,0.0,0.25,0.54,0.66,1952.0,10.5,24.0,0.84,19.5,34.5,368.0,2.0,4.92,1.78,3.0,205.0,4.25,0.004,2
547,1.6475,142.8,3.0,238.1,0.35,0.61,2.178,0.0,0.25,0.0,1.79,708.0,1.8,66.0,0.92,22.0,16.8,137.0,3.0,6.87,2.21,0.8,663.0,4.25,0.004,0
548,1.6475,164.4,11.9,775.2,0.37,0.91,5.555,0.0164,0.15,0.76,0.78,2286.0,1.5,17.0,1.34,29.4,24.6,304.0,2.0,5.72,3.68,3.3,256.0,4.25,0.004,3
549,1.6475,0.0,7.7,753.4,0.24,0.57,3.736,0.0182,0.15,0.61,0.11,3791.0,0.3,21.0,0.85,40.5,51.5,298.0,2.0,3.9,1.75,5.5,283.0,4.25,0.004,1
550,1.6475,16.0,5.4,568.5,0.05,0.45,4.486,0.0,0.21,0.4,1.11,1940.0,1.6,13.0,0.77,21.1,49.1,298.0,1.0,4.61,1.66,2.6,180.0,4.25,0.004,2
551,1.6475,146.8,1.75,274.9,0.35,0.63,2.1035,0.0,0.21,0.0,1.59,708.0,0.65,48.5,0.94,23.85,32.6,143.0,3.0,6.77,2.345,1.5,525.5,4.25,0.004,0
552,3.3,150.2,1.3,305.0,0.36,0.64,2.236,0.0,0.21,0.0,1.59,714.0,0.3,46.0,0.94,25.125,15.7,150.0,3.0,6.8,2.38,0.8,447.0,3.0,0.004,0
553,2.44,112.8,4.0,265.0,0.3,0.64,0.805,0.0,0.18,0.02,1.03,656.0,2.2,48.0,0.58,25.125,12.3,124.0,3.0,6.57,1.67,0.5,446.0,4.25,0.004,0
554,1.6475,122.6,11.5,672.7,0.4,0.78,5.412,0.0148,0.18,0.69,0.74,2468.0,1.2,21.0,1.08,25.0,17.1,268.0,3.0,5.5,3.21,3.6,255.0,4.25,0.004,2
555,1.6475,0.0,7.05,621.3,0.28,0.45,3.475,0.0,0.195,0.525,0.16,3689.5,2.35,16.0,0.715,38.7,30.7,293.0,2.0,3.94,1.365,6.45,251.0,4.25,0.004,1
556,1.6475,10.0,5.2,505.1,0.19,0.45,4.527,0.0,0.14,0.37,1.11,2032.0,1.2,23.0,0.73,18.5,21.3,291.0,2.0,4.56,1.67,2.9,208.0,4.25,0.004,2
557,1.6475,146.8,3.2,275.8,0.33,0.61,2.203,0.0,0.21,0.02,1.59,746.0,0.3,37.0,0.88,22.9,12.8,143.0,4.0,6.67,2.27,1.6,388.0,4.25,0.004,0
558,2.32,161.2,1.5,209.0,0.32,0.51,0.527,0.0,0.18,0.0,1.28,407.0,0.2,37.0,0.61,25.125,9.0,178.0,3.0,6.87,2.34,0.7,421.0,4.75,0.004,0
559,1.6475,83.3,8.2,567.5,0.335,0.61,4.801,0.0,0.18,0.485,0.82,2113.0,1.4,27.0,0.97,22.25,29.2,193.0,3.5,5.48,2.48,3.35,270.5,4.25,0.004,2
560,1.6475,0.0,5.2,402.0,0.17,0.34,3.908,0.0,0.14,0.22,1.16,1576.0,0.0,0.0,0.6,18.4,12.8,217.0,2.0,4.69,1.22,1.7,125.0,4.25,0.004,2
561,1.6475,144.4,1.7,399.0,0.33,0.59,2.36,0.0,0.21,0.02,1.61,735.0,4.2,45.0,0.88,23.6,10.0,164.0,3.0,6.7,2.23,1.1,363.0,4.25,0.004,0
562,4.42,145.8,1.7,280.0,0.35,0.6,2.41,0.0,0.22,0.02,1.61,743.0,6.1,46.0,0.9,25.125,20.8,168.0,3.0,6.41,2.27,1.1,410.0,3.25,0.004,0
563,3.005,110.8,1.4,266.0,0.285,0.61,0.833,0.0,0.19,0.0,1.105,629.5,2.9,61.0,0.56,25.125,12.45,150.5,3.0,6.36,1.625,0.4,434.0,4.25,0.004,0
564,1.6475,95.4,9.0,519.0,0.29,0.59,5.34,0.0,0.2,0.46,0.9,1793.0,4.81,19.0,1.02,21.9,17.2,206.0,2.0,5.53,2.4,2.2,179.0,4.25,0.004,2
565,1.6475,0.0,5.5,480.0,0.27,0.33,4.204,0.0,0.17,0.38,0.32,2460.0,0.03,20.0,0.64,31.5,21.2,261.0,2.0,3.93,0.88,3.7,186.0,4.25,0.004,2
566,1.6475,7.2,3.8,380.0,0.14,0.31,2.288,0.0,0.18,0.23,1.22,1385.0,2.89,0.0,0.63,17.3,19.4,214.0,1.0,4.6,1.1,1.4,108.0,4.25,0.004,2
567,1.6475,175.5,2.05,275.5,0.34,0.6,1.869,0.0,0.215,0.02,1.59,735.5,12.27,53.0,0.89,22.75,15.8,181.5,3.0,6.41,2.27,0.9,358.5,4.25,0.004,0
568,1.6475,108.0,8.5,481.2,0.35,0.59,4.525,0.0,0.31,0.44,1.02,1726.0,29.1,23.0,1.01,21.6,15.4,211.0,3.0,5.77,2.39,0.2,213.0,4.25,0.004,2
569,1.6475,0.0,8.0,525.4,0.28,0.28,4.336,0.0,0.2,0.35,0.31,2358.0,7.2,22.0,0.64,28.4,36.0,245.0,2.0,4.11,0.81,2.5,326.0,4.25,0.004,2
570,1.6475,9.6,4.9,351.9,0.15,0.3,2.44,0.0,0.21,0.25,1.09,1327.0,5.3,14.0,0.62,16.5,34.9,207.0,2.0,4.73,1.08,5.4,257.0,4.25,0.004,2
571,1.6475,139.6,4.4,311.2,0.35,0.58,2.448,0.0,0.24,0.02,1.62,739.0,28.3,50.0,0.89,23.0,28.3,158.0,3.0,6.38,2.2,2.5,403.0,4.25,0.004,0
572,1.6475,112.6,6.9,431.0,0.33,0.6,5.962,0.0,0.24,0.45,1.09,1471.0,21.0,21.0,1.09,21.9,20.0,192.0,2.0,5.94,2.37,1.9,164.0,4.25,0.004,2
573,1.6475,0.0,6.2,441.0,0.28,0.29,5.036,0.0,0.19,0.36,0.27,2200.0,11.0,19.0,0.66,29.2,30.0,226.0,2.0,4.11,0.81,4.1,255.0,4.25,0.004,2
574,1.6475,10.8,4.0,309.0,0.14,0.28,4.747,0.0,0.21,0.24,1.13,1201.0,5.0,0.0,0.63,16.0,20.0,219.0,1.0,4.75,0.96,1.5,94.0,4.25,0.004,2
575,1.6475,143.1,2.5,267.0,0.335,0.6,2.7325,0.0,0.225,0.02,1.695,732.5,39.5,40.0,0.885,23.45,20.0,183.5,4.0,6.35,2.28,0.95,345.5,4.25,0.004,0
576,1.6475,0.0,6.8,470.0,0.28,0.3,7.313,0.0,0.18,0.38,0.25,2395.0,1.1,15.0,0.71,21.0,30.0,216.0,1.0,4.14,0.86,3.5,188.0,4.25,0.004,2
577,1.6475,14.2,3.4,310.0,0.11,0.28,6.622,0.0,0.18,0.23,1.19,1199.0,6.5,18.0,0.66,15.1,10.0,186.0,1.0,4.92,0.93,1.2,105.0,4.25,0.004,2
578,1.6475,145.4,2.7,260.0,0.32,0.6,3.335,0.0,0.23,0.03,1.72,694.0,64.3,38.0,0.9,24.1,10.0,196.0,3.0,6.38,2.25,1.0,301.0,4.25,0.004,0
579,0.99,164.0,1.7,210.0,0.32,0.52,1.175,0.1336,0.19,0.02,1.31,381.0,15.6,52.0,0.6,25.125,30.0,238.0,4.0,6.57,2.45,0.8,425.0,3.5,0.004,0
580,1.06,122.2,2.4,270.0,0.28,0.62,1.515,0.0,0.18,0.04,1.15,612.0,2.9,71.0,0.55,25.125,40.0,207.0,5.0,6.27,1.71,1.0,560.0,4.25,0.004,0
581,0.77,149.2,2.4,270.0,0.34,0.61,3.824,0.0,0.24,0.04,1.74,718.0,57.5,44.0,0.89,25.125,10.0,202.0,4.0,6.35,2.29,0.7,342.0,2.5,0.004,0
582,1.6475,122.0,8.8,402.0,0.36,0.57,4.554,0.0,0.18,0.22,1.33,984.0,63.0,25.0,1.2,21.0,23.0,256.0,3.0,5.86,2.21,2.1,221.0,4.25,0.004,2
583,1.6475,24.0,4.7,271.5,0.17,0.295,3.7835,0.0,0.14,0.125,1.5,900.5,27.5,6.0,0.63,14.65,22.5,262.0,3.5,4.88,0.99,1.65,222.0,4.25,0.004,2
584,1.6475,155.0,2.8,289.0,0.36,0.67,2.841,0.0,0.24,0.03,1.79,681.0,73.0,26.0,0.96,23.5,17.0,246.0,3.0,6.25,2.57,1.5,300.0,4.25,0.004,0
585,1.06,159.0,2.6,246.0,0.36,0.67,2.842,0.0,0.23,0.03,1.76,688.0,73.0,37.0,0.94,25.125,12.0,261.0,4.0,6.12,2.56,1.4,367.0,4.0,0.004,0
586,1.18,167.0,2.1,177.0,0.34,0.57,0.987,0.1,0.17,0.0,1.38,349.0,33.0,42.0,0.62,25.125,16.0,282.0,4.0,6.41,2.71,2.1,401.0,4.75,0.004,0
587,1.6475,152.0,8.1,362.0,0.41,0.66,4.555,0.0,0.18,0.22,1.46,1029.0,2.7,26.0,1.39,24.0,17.0,217.0,2.0,6.23,2.54,1.0,213.0,4.25,0.004,0
588,1.6475,0.0,8.8,444.0,0.2,0.25,5.496,0.0,0.09,0.33,0.34,2030.0,2.7,36.0,0.64,24.5,17.0,258.0,5.0,4.08,0.7,1.0,628.0,4.25,0.004,2
589,1.6475,21.0,4.6,290.0,0.14,0.3,4.313,0.0,0.13,0.18,1.57,907.0,2.7,27.0,0.67,14.5,17.0,230.0,2.0,4.91,1.03,1.0,256.0,4.25,0.004,2
590,1.6475,152.5,3.25,225.0,0.37,0.68,2.8125,0.0,0.23,0.035,1.77,644.0,2.7,67.0,0.96,23.5,17.0,203.0,4.0,6.41,2.6,1.0,692.0,4.25,0.004,0
591,1.6475,160.5,9.2,464.0,0.415,0.705,4.299,0.0,0.18,0.305,1.285,1173.0,2.7,24.5,1.425,24.5,17.0,264.5,1.5,6.02,2.8,1.0,287.5,4.25,0.004,3
592,1.6475,0.0,9.1,472.0,0.21,0.24,5.097,0.0,0.12,0.34,0.34,1966.0,2.7,49.0,0.64,24.5,17.0,250.0,4.0,4.01,0.66,1.0,637.0,4.25,0.004,2
593,1.6475,223.0,2.9,273.0,0.36,0.67,2.788,0.0,0.24,0.03,1.82,664.0,2.7,54.0,0.96,24.6,17.0,159.0,2.0,6.66,2.61,1.0,542.0,4.25,0.004,0
594,1.6475,134.0,10.9,550.0,0.34,0.69,4.926,0.0,0.13,0.38,1.13,1496.0,2.7,39.0,1.39,23.0,17.0,246.0,4.0,5.8,2.79,1.0,347.0,4.25,0.004,2
595,1.6475,0.0,12.2,488.0,0.27,0.28,4.277,0.0,0.12,0.42,0.28,2033.0,2.7,94.0,0.68,24.6,17.0,234.0,11.0,4.17,0.81,1.0,994.0,4.25,0.004,2
596,1.6475,26.5,6.3,375.5,0.13,0.35,3.8605,0.0,0.15,0.23,1.28,1219.0,2.7,16.5,0.74,16.0,17.0,243.5,3.0,4.91,1.245,1.0,265.0,4.25,0.004,2
597,1.6475,158.0,3.4,262.0,0.37,0.66,2.717,0.0,0.25,0.0,1.76,644.0,2.7,70.0,0.96,23.0,17.0,137.0,4.0,6.91,2.53,1.0,610.0,4.25,0.004,0
598,1.39,163.0,3.4,237.0,0.35,0.67,2.666,0.0,0.22,0.0,1.73,662.0,0.9,75.0,0.95,25.125,4.0,141.0,4.0,6.91,2.54,0.7,693.0,4.25,0.004,0
599,0.49,173.0,2.6,175.0,0.35,0.56,0.906,0.0,0.18,0.0,1.32,353.0,0.0,43.0,0.63,25.125,2.0,178.0,4.0,7.13,2.66,0.4,453.0,4.25,0.004,0
600,1.6475,206.0,13.6,548.0,0.46,0.85,3.288,0.0,0.12,0.43,0.79,1347.0,21.0,29.0,1.56,28.0,12.0,267.0,3.0,6.29,3.49,3.2,301.0,4.25,0.004,3
601,1.6475,0.0,11.7,512.0,0.27,0.26,4.908,0.0,0.09,0.44,0.19,2051.0,0.8,36.0,0.69,24.0,66.0,227.0,4.0,4.14,0.78,4.7,478.0,4.25,0.004,2
602,1.6475,25.0,6.4,395.0,0.15,0.33,3.686,0.0,0.16,0.25,1.33,1164.0,28.0,0.0,0.77,15.5,12.0,268.0,3.0,4.91,1.19,1.9,171.0,4.25,0.004,2
603,1.6475,160.0,3.0,232.5,0.355,0.665,2.496,0.0,0.22,0.0,1.745,672.5,0.05,60.5,0.96,23.75,3.0,139.5,3.5,6.96,2.525,0.45,650.5,4.25,0.004,0
604,1.6475,146.8,6.0,481.0,0.25,0.56,3.457,0.0,0.05,0.37,0.58,1688.0,2.7,81.0,0.97,25.125,17.0,227.0,4.0,6.35,2.29,1.0,1250.0,4.25,0.004,2
605,1.6475,146.8,4.0,390.0,0.09,0.36,3.457,0.0,0.04,0.27,0.87,1571.0,2.7,36.0,0.6,25.125,17.0,227.0,2.0,6.35,1.36,1.0,478.0,4.25,0.004,2
606,1.6475,146.8,2.7,239.0,0.35,0.65,3.457,0.0,0.22,0.0,1.74,681.0,2.7,52.0,0.94,25.125,17.0,227.0,2.0,6.35,2.47,1.0,735.0,4.25,0.004,0
607,1.6475,146.8,8.4,541.0,0.48,0.88,3.457,0.0,0.08,0.38,0.5,1837.0,2.7,111.0,1.32,25.125,17.0,227.0,8.0,6.35,3.83,1.0,1898.0,4.25,0.004,3
608,1.6475,146.8,7.1,472.0,0.26,0.29,3.457,0.0,0.07,0.37,0.12,2410.0,2.7,92.0,0.73,25.125,17.0,227.0,5.0,6.35,0.86,1.0,1668.0,4.25,0.004,2
609,1.6475,146.8,4.9,371.0,0.06,0.35,3.457,0.0,0.05,0.3,1.03,1389.0,2.7,39.0,0.66,25.125,17.0,227.0,1.0,6.35,1.31,1.0,544.0,4.25,0.004,2
610,1.6475,146.8,4.2,274.0,0.37,0.65,3.457,0.0,0.25,0.0,1.72,704.0,2.7,64.0,0.96,25.125,17.0,227.0,3.0,6.35,2.51,1.0,800.0,4.25,0.004,0
611,1.6475,146.8,9.1,568.0,0.47,1.04,3.457,0.0,0.12,0.4,0.71,1701.0,2.7,111.0,1.62,25.125,17.0,227.0,8.0,6.35,4.38,1.0,1788.0,4.25,0.004,3
612,1.6475,146.8,6.4,510.0,0.29,0.36,3.457,0.0,0.05,0.46,0.1,2448.0,2.7,28.0,0.84,25.125,17.0,227.0,1.0,6.35,1.12,1.0,520.0,4.25,0.004,2
613,1.6475,146.8,5.2,429.0,0.06,0.4,3.457,0.0,0.04,0.38,0.68,1488.0,2.7,44.0,0.75,25.125,17.0,227.0,2.0,6.35,1.5,1.0,639.0,4.25,0.004,2
614,1.6475,146.8,2.7,257.0,0.39,0.68,3.457,0.0,0.2,0.0,1.7,687.0,2.7,38.0,0.99,25.125,17.0,227.0,1.0,6.35,2.63,1.0,571.0,4.25,0.004,0
615,0.45,166.0,1.9,199.0,0.33,0.55,0.87,0.0,0.19,0.0,1.35,378.0,0.0,37.0,0.61,25.125,7.0,169.0,2.0,6.85,2.6,0.3,422.0,5.5,0.004,0
616,1.6475,305.0,30.2,956.0,0.59,1.39,5.35,0.0,0.18,1.13,0.53,1776.0,96.0,85.0,1.68,36.5,47.0,360.0,5.0,6.15,5.63,4.4,804.0,4.25,0.004,3
617,1.6475,36.0,8.0,502.0,0.05,0.385,4.4335,0.0,0.065,0.36,0.69,1444.0,10.0,36.5,0.715,16.1,11.0,369.5,3.5,4.82,1.455,1.55,372.0,4.25,0.004,2
618,1.6475,155.0,2.6,421.0,0.45,0.67,2.587,0.0,0.31,0.0,1.76,703.0,1.0,102.0,1.02,22.5,15.0,140.0,2.0,6.76,2.59,0.4,693.0,4.25,0.004,0
619,1.6475,146.8,13.7,608.0,0.49,1.19,3.457,0.0,0.2,0.58,0.81,1395.0,2.7,211.0,1.83,25.125,17.0,227.0,20.0,6.35,4.37,1.0,3889.0,4.25,0.004,3
620,1.6475,146.8,7.4,564.0,0.15,0.41,3.457,0.0,0.09,0.44,0.64,1466.0,2.7,175.0,0.83,25.125,17.0,227.0,11.0,6.35,1.46,1.0,1906.0,4.25,0.004,2
621,1.6475,146.8,2.7,263.0,0.42,0.71,3.457,0.0,0.23,0.0,1.73,726.0,2.7,66.0,1.04,25.125,17.0,227.0,3.0,6.35,2.71,1.0,823.0,4.25,0.004,0
622,1.6475,146.8,3.3,280.0,0.39,0.7,2.495,0.0,0.22,0.0,1.71,709.0,2.7,78.0,1.01,25.125,17.0,227.0,3.0,6.35,2.66,1.0,869.0,4.25,0.004,0
623,1.6475,146.8,3.3,352.0,0.48,0.73,2.582,0.0,0.3,0.0,1.72,692.0,2.7,68.0,1.12,25.125,17.0,227.0,3.0,6.35,2.8,1.0,923.0,4.25,0.004,0
624,0.84,144.0,2.2,299.0,0.38,0.66,2.592,0.0,0.24,0.0,1.78,708.0,0.4,51.0,0.98,25.125,5.7,142.0,2.0,6.04,2.62,0.0,504.0,3.25,0.004,0
625,0.53,177.0,2.0,210.0,0.37,0.53,0.897,0.0,0.2,0.0,1.4,530.0,0.0,36.0,0.64,25.125,5.0,166.0,2.0,6.14,2.71,0.0,452.0,6.25,0.004,0
626,0.97,165.0,2.2,271.0,0.41,0.72,2.541,0.0,0.25,0.0,1.78,648.0,1.0,47.0,1.04,25.125,8.0,142.0,2.0,6.17,2.75,0.4,467.0,4.5,0.004,0
627,0.57,178.0,1.4,196.0,0.41,0.6,0.746,0.0,0.18,0.0,1.39,424.0,2.0,38.0,0.69,25.125,5.0,167.0,2.0,6.44,2.87,0.3,417.0,7.0,0.004,0
628,1.6475,146.8,10.3,940.0,0.43,1.15,6.954,0.0,0.22,0.4,5.84,1526.0,2.7,147.0,1.75,25.125,17.0,227.0,19.0,6.35,4.5,1.0,1702.0,4.25,0.004,3
629,1.6475,146.8,11.9,974.0,0.17,1.14,3.906,0.0,0.14,0.46,2.38,1238.5,2.7,153.0,1.15,25.125,17.0,227.0,14.0,6.35,3.33,1.0,1918.0,4.25,0.004,2
630,1.6475,146.8,9.0,635.0,0.22,1.05,7.085,0.0,0.11,0.31,4.04,1787.0,2.7,64.0,1.78,25.125,17.0,227.0,7.0,6.35,4.13,1.0,1387.0,4.25,0.004,3
631,1.6475,146.8,8.6,855.0,0.25,1.01,4.066,0.0,0.13,0.68,2.06,1238.5,2.7,47.0,1.17,25.125,17.0,227.0,3.0,6.35,3.1,1.0,676.0,4.25,0.004,2
632,1.6475,146.8,7.1,509.0,0.05,0.88,6.263,0.0,0.16,0.31,6.73,1541.0,2.7,66.0,1.01,25.125,17.0,227.0,3.0,6.35,3.02,1.0,833.0,4.25,0.004,2
633,1.6475,146.8,3.6,369.0,0.44,0.72,2.488,0.0,0.25,0.0,1.76,647.0,2.7,70.0,1.07,25.125,17.0,227.0,3.0,6.35,2.75,1.0,961.0,4.25,0.004,0
634,1.6475,146.8,5.5,424.0,0.04,0.69,5.332,0.0,0.14,0.3,5.03,1358.0,2.7,71.0,0.95,25.125,17.0,227.0,4.0,6.35,2.38,1.0,943.0,4.25,0.004,2
635,0.92,171.0,0.9,251.0,0.43,0.75,2.512,0.0,0.22,0.0,1.78,645.0,2.0,36.0,1.07,25.125,13.0,176.0,2.0,6.71,2.88,0.5,442.0,3.25,0.004,0
636,0.6,178.0,0.7,205.0,0.42,0.62,0.667,0.0,0.18,0.0,1.4,404.0,1.0,30.0,0.7,25.125,12.0,198.0,2.0,6.88,2.99,0.3,529.0,5.25,0.004,0
637,1.6475,44.0,5.45,445.0,0.135,0.62,5.245,0.0,0.245,0.3,4.135,1234.5,3.0,30.0,0.975,23.5,15.0,293.5,3.5,4.92,2.185,1.25,320.0,4.25,0.004,2
638,1.6475,266.0,14.4,589.0,0.95,1.38,7.894,0.0,0.45,0.61,2.78,1576.0,2.7,31.0,2.02,39.5,17.0,527.0,5.0,5.73,4.92,1.0,489.0,4.25,0.004,3
639,1.6475,42.5,6.6,439.5,0.065,0.605,6.147,0.0,0.185,0.36,3.235,1410.5,2.7,20.5,0.95,21.75,17.0,330.0,2.0,4.83,2.085,1.0,258.0,4.25,0.004,2
640,1.6475,225.0,11.5,506.0,0.52,1.17,7.616,0.0,0.46,0.46,3.19,1322.0,2.7,17.0,2.02,35.5,17.0,425.0,2.0,5.69,4.2,1.0,17.0,4.25,0.004,3
641,1.6475,41.5,6.5,478.0,0.065,0.625,6.7105,0.0,0.225,0.38,2.735,1526.0,2.7,17.5,0.955,21.0,17.0,218.0,2.0,4.84,2.125,1.0,17.5,4.25,0.004,2
642,1.6475,139.0,23.55,1207.5,0.805,1.31,5.0485,0.0,1.07,0.76,4.29,1612.0,2.7,58.0,2.135,40.25,17.0,292.5,8.5,5.7,4.84,1.0,58.0,4.25,0.004,3
643,1.6475,35.0,9.4,737.0,0.2,0.77,6.663,0.0,0.53,0.49,2.59,2049.0,2.7,30.0,1.02,24.0,17.0,368.0,4.0,4.69,2.9,1.0,30.0,4.25,0.004,2
644,1.6475,159.0,10.0,509.0,0.31,1.1,7.253,0.0,0.55,0.49,4.02,1601.0,2.7,23.0,2.04,32.5,17.0,252.0,2.0,5.88,4.06,1.0,23.0,4.25,0.004,3
645,1.6475,0.0,8.7,860.0,0.27,1.0,6.452,0.0,0.2,0.79,0.73,1238.5,2.7,0.0,1.14,50.5,17.0,248.0,1.0,3.9,2.94,1.0,0.0,4.25,0.004,2
646,1.6475,44.5,5.6,518.5,0.075,0.64,7.0885,0.0,0.475,0.405,2.57,1707.5,2.7,30.5,1.01,21.75,17.0,360.5,2.0,4.91,2.24,1.0,30.5,4.25,0.004,2
647,1.6475,162.0,9.4,532.0,0.27,1.0,7.626,0.0,0.44,0.43,3.9,1424.0,39.0,0.0,1.94,31.0,12.0,245.0,1.0,5.88,3.82,1.4,0.0,4.25,0.004,3
648,1.6475,0.0,9.2,829.0,0.28,0.98,6.775,0.0,0.19,0.81,0.7,1238.5,3.0,21.0,1.14,39.5,40.0,226.0,2.0,4.08,2.92,6.0,21.0,4.25,0.004,2
649,1.6475,41.5,5.5,485.5,0.07,0.595,7.451,0.0,0.37,0.365,2.205,1579.0,48.0,0.0,0.965,20.5,18.0,344.0,1.0,4.92,2.075,1.6,0.0,4.25,0.004,2
650,1.37,168.0,2.6,267.0,0.4,0.72,2.701,0.0,0.22,0.0,1.81,603.0,31.0,37.0,1.01,25.125,9.0,190.0,2.0,6.4,2.79,0.4,37.0,3.75,0.004,0
651,1.19,183.0,2.3,202.0,0.4,0.62,0.871,0.1,0.19,0.0,1.36,361.0,0.0,46.0,0.69,25.125,7.0,217.0,3.0,6.59,2.97,0.2,46.0,5.0,0.004,0
652,6.925,90.0,6.0,323.0,0.22,0.495,0.518,0.0,0.23,0.085,1.19,729.0,2.5,194.5,0.87,17.0,9.65,125.5,19.5,6.5,1.545,0.0,1359.0,2.25,0.0,4
653,3.515,159.0,8.5,297.5,0.24,0.505,0.4535,0.0,0.225,0.04,1.285,726.5,1.5,160.0,0.93,17.0,9.65,105.0,18.0,6.51,1.58,0.0,1437.0,1.75,0.0,4
654,24.615,197.0,6.5,311.5,0.205,0.54,0.2925,0.0,0.21,0.025,1.295,717.5,0.5,433.0,0.985,16.0,9.65,50.0,28.0,7.8,1.665,1.0,2367.0,1.25,0.0,4
655,56.575,217.0,6.0,482.0,0.195,0.5,0.2595,0.0,0.165,0.05,1.09,724.5,29.5,702.0,0.95,16.0,9.65,19.5,24.0,8.86,1.55,1.0,3443.5,1.0,0.0,4
656,11.32,189.0,6.0,541.0,0.21,0.525,0.211,0.0,0.175,0.065,1.05,667.0,143.0,631.0,1.015,17.5,9.65,85.0,15.0,6.64,1.685,2.0,1490.0,1.75,0.0,4
657,11.54,93.05,7.0,432.0,0.19,0.51,0.5425,0.0,0.19,0.03,0.795,633.0,154.0,190.0,0.98,18.0,9.65,74.0,20.0,6.26,1.62,2.0,1214.0,1.25,0.0,4
658,11.725,177.0,5.5,420.0,0.19,0.505,0.187,0.0,0.18,0.025,1.01,653.0,104.0,225.5,0.975,16.0,9.65,73.5,15.0,6.89,1.6,2.5,1601.0,1.5,0.0,4
659,18.465,188.0,6.5,343.0,0.195,0.515,0.052,0.0,0.195,0.02,0.98,655.0,8.5,297.0,1.01,15.5,9.65,78.5,19.5,7.12,1.59,0.0,2010.0,1.5,0.0,4
660,36.9,217.0,7.0,333.0,0.16,0.485,0.134,0.0,0.2,0.035,0.945,644.5,16.0,395.0,0.92,15.0,9.65,75.5,26.0,6.81,1.5,1.0,2798.0,1.5,0.0,4
661,40.545,219.0,9.0,347.0,0.1,0.46,0.276,0.0,0.2,0.04,0.94,661.0,1.5,481.0,0.925,15.0,9.65,53.0,32.0,7.48,1.44,0.0,4207.5,1.0,0.0,4
662,13.185,195.0,13.5,401.0,0.155,0.47,0.296,0.0,0.23,0.04,0.97,696.5,16.0,289.7,0.925,16.0,9.65,137.0,23.0,6.3,1.34,0.0,1884.5,1.25,0.0,4
663,21.99,265.0,7.5,973.0,0.195,0.545,0.5185,0.065975,0.255,0.23,0.47,650.5,246.5,289.7,0.8,23.0,9.65,314.5,24.0,6.25,1.78,2.0,1884.5,1.5,0.0,4
664,4.72,84.0,7.8235,460.0,0.21,0.49,0.842,0.0179,0.19,0.12,1.13,597.0,139.0,107.0,0.9,17.0,9.65,109.0,13.0,6.54,1.64,2.0,835.5,2.5,0.0,4
665,5.98,87.0,8.0,343.0,0.22,0.52,0.616,0.0,0.22,0.07,1.26,591.0,36.0,145.0,0.99,16.0,9.65,95.0,16.0,6.55,1.69,2.0,979.0,1.5,0.0,4
666,6.26,84.0,8.0,304.0,0.26,0.55,0.325,0.0,0.9,0.06,1.38,579.0,1.0,139.0,1.02,16.0,9.65,107.0,22.0,6.57,1.75,0.0,1043.0,1.75,0.0,4
667,28.115,193.0,6.5,312.0,0.175,0.475,0.2065,0.0,0.19,0.03,1.14,617.5,0.0,362.0,0.875,15.0,9.65,58.5,25.0,7.22,1.445,0.0,1853.0,1.5,0.0,4
668,58.96,114.0,6.0,382.0,0.13,0.48,0.571,0.0,0.14,0.07,0.89,780.0,9.0,387.0,0.86,14.0,9.65,17.0,29.0,7.5,1.5,1.0,1884.5,0.75,0.0,4
669,21.58,86.0,7.0,408.5,0.125,0.47,1.307,0.02245,0.125,0.11,0.845,903.0,6.5,395.5,0.805,15.0,9.65,57.5,13.0,6.35,1.545,1.0,1988.4,0.75,0.0,4
670,11.53,71.0,7.0,377.0,0.1,0.45,1.314,0.0,0.13,0.07,0.74,992.0,0.0,223.0,0.78,14.0,9.65,75.0,16.0,6.33,1.42,1.0,1474.5,1.5,0.0,4
671,17.71,162.0,7.5,360.0,0.105,0.46,1.093,0.0,0.13,0.06,0.685,988.0,1.0,241.5,0.845,14.0,9.65,28.5,21.5,6.84,1.495,3.0,2152.0,1.25,0.0,4
672,35.08,86.0,9.0,348.0,0.12,0.44,0.898,0.0,0.23,0.08,0.41,861.0,0.0,436.0,0.84,14.0,9.65,57.0,27.0,6.69,1.46,1.0,2538.0,1.0,0.0,4
673,36.15,97.0,8.0,333.0,0.08,0.48,0.886,0.0,0.16,0.06,0.78,779.0,3.0,357.0,0.89,14.0,9.65,96.0,24.0,6.37,1.58,1.0,2390.0,0.75,0.0,4
674,9.18,76.0,9.0,361.0,0.1,0.49,0.97,0.0176,0.17,0.06,0.67,793.0,0.0,406.0,0.91,15.0,9.65,108.0,33.0,6.14,1.43,0.0,2845.0,0.75,0.0,4
675,18.58,61.4,7.0,543.0,0.22,0.55,1.08,0.0304,0.25,0.07,0.9,734.0,92.0,338.0,1.0,16.0,9.65,234.0,28.0,6.15,1.84,2.0,2523.0,0.75,0.0,4
676,7.13,107.4,7.847,614.0,0.0,0.47,1.169,0.009,0.21,0.23,0.97,738.0,109.0,292.5,0.78,15.75,157.0,74.0,12.0,6.45,1.77,1.0,2466.0,1.5,0.0,4
677,11.93,97.5,6.7,322.0,0.0,0.455,0.882,0.0009,0.215,0.115,1.02,661.0,15.0,189.75,0.84,15.75,0.0,172.0,16.5,6.56,1.505,1.0,1446.5,1.25,0.0,4
678,16.57,93.4,8.15,340.0,0.0,0.44,0.362,0.003,0.22,0.04,0.99,650.0,0.0,289.7,0.89,15.75,3.0,100.0,21.0,6.6,1.43,0.0,1630.9,1.25,0.0,4
679,34.19,125.8,6.507,414.0,0.0,0.47,0.265,0.006,0.16,0.06,0.87,663.0,16.0,715.8,0.89,15.75,2.0,23.0,21.0,9.15,1.49,0.0,3384.87,1.25,0.0,4
680,36.605,112.1,8.882,487.0,0.0,0.49,0.646,0.011,0.165,0.135,0.78,794.0,53.0,665.3,0.855,15.75,5.0,59.0,19.5,7.13,1.59,2.0,3063.5,0.75,0.0,4
681,15.05,87.4,9.451,448.0,0.0,0.46,0.465,0.0016,0.17,0.04,0.67,689.0,0.0,216.7,0.89,15.75,5.0,48.0,15.0,7.14,1.5,1.0,1552.6,1.5,0.0,4
682,26.18,93.4,9.4305,407.5,0.0,0.46,0.389,0.0018,0.175,0.05,0.66,699.0,3.0,390.5,0.915,15.75,5.0,46.0,20.5,7.6,1.49,1.0,2753.1,1.0,0.0,4
683,42.27,101.4,9.248,387.0,0.0,0.45,0.391,0.0,0.18,0.07,0.7,698.0,1.0,492.4,0.94,15.75,1.0,74.0,29.0,6.78,1.51,0.0,3746.0,1.25,0.0,4
684,38.05,94.0,9.991,388.0,0.0,0.45,0.461,0.0,0.17,0.08,0.76,693.0,1.0,442.1,0.86,15.75,5.0,117.0,34.0,6.4,1.4,0.0,3509.7,0.75,0.0,4
685,4.22,76.0,5.94,707.0,0.23,0.41,0.726,0.0,0.29,0.06,0.85,697.0,3.0,121.2,0.89,15.75,9.65,79.0,13.0,6.68,1.41,0.0,974.0,1.25,0.0,4
686,6.81,76.6,10.15,356.0,0.18,0.45,0.622,0.0,0.22,0.04,0.88,766.0,0.0,169.1,0.87,15.75,5.0,60.0,23.0,6.46,1.48,1.0,1215.5,1.25,0.0,4
687,60.855,104.0,6.7185,474.5,0.165,0.455,0.5065,0.0,0.205,0.07,0.735,785.0,21.5,703.35,0.92,15.75,14.5,14.0,27.5,8.57,1.535,1.0,3551.4,1.25,0.0,4
688,10.99,132.0,8.291,440.0,0.16,0.44,0.545,0.0,0.22,0.05,0.68,721.0,79.0,260.3,0.86,15.75,0.0,78.0,91.0,6.52,1.56,2.0,1311.3,1.25,0.0,4
689,21.895,137.0,6.3065,404.5,0.155,0.45,0.3775,0.0,0.185,0.035,0.62,690.0,0.0,321.75,0.91,15.75,18.5,27.0,16.5,8.83,1.445,0.0,2567.5,0.75,0.0,4
690,40.18,98.0,7.711,379.0,0.12,0.44,0.374,0.0,0.16,0.04,0.59,640.0,1.0,482.4,0.91,15.75,36.0,31.0,25.0,8.8,1.47,2.0,3936.3,1.25,0.0,4
691,29.885,94.5,8.6015,350.0,0.12,0.435,0.388,0.0,0.17,0.04,0.6,645.5,6.0,280.6,0.89,15.75,0.0,52.0,28.5,7.51,1.47,5.0,2561.45,1.25,0.0,4
692,58.61,90.0,11.0,370.0,0.11,0.42,0.387,0.0,0.2,0.05,0.65,634.0,6.0,539.4,0.94,15.75,21.0,36.0,38.0,8.63,1.41,0.0,4848.0,0.5,0.0,4
693,58.82,84.0,6.646,373.0,0.17,0.47,0.997,0.0261,0.18,0.08,0.76,782.0,0.0,521.0,0.86,15.75,52.0,155.0,38.0,6.15,1.52,2.0,3882.0,0.5,0.0,4
694,20.82,106.0,8.7,607.0,0.22,0.51,1.351,0.0528,0.19,0.22,0.81,806.0,63.0,261.7,0.89,15.75,170.0,250.0,29.0,6.1,1.78,5.0,1794.3,1.25,0.0,4
695,22.31,153.0,8.9,1046.0,0.26,0.53,1.481,0.0743,0.22,0.49,0.84,785.0,47.0,313.7,0.89,15.75,631.0,406.0,32.0,6.09,1.94,12.0,2601.2,1.25,0.0,4
696,6.04,87.8,6.9,386.971,0.22,0.52,1.542,0.0,0.23,0.12,0.92,719.0,69.3,194.0,0.76,15.75,16.32,106.0,21.0,6.67,1.63,2.6,1642.0,1.75,0.0,4
697,4.1,80.6,7.7,323.272,0.16,0.4,1.043,0.0,0.23,0.05,1.02,679.0,0.1,120.0,0.81,15.75,16.19,93.0,17.0,6.67,1.37,1.4,892.0,2.0,0.0,4
698,15.2,79.2,9.6,386.441,0.17,0.4,0.512,0.0,0.22,0.02,1.12,702.0,1.8,238.0,0.78,15.75,27.31,63.0,19.0,7.12,1.4,1.3,1471.0,1.25,0.0,4
699,47.68,112.4,8.9,491.0,0.14,0.42,0.469,0.0,0.21,0.06,0.9,725.0,18.8,557.0,0.83,15.75,11.3,28.0,27.0,7.9,1.44,1.6,2750.0,0.75,0.0,4
700,10.13,68.4,7.3,407.2,0.23,0.4,0.974,0.0212,0.18,0.09,0.71,1106.0,113.4,222.0,0.68,15.75,26.5,65.0,15.0,5.91,1.38,1.6,1414.0,1.0,0.0,4
701,6.81,60.0,9.3,380.3,0.25,0.4,0.653,0.0171,0.19,0.07,0.57,1053.0,3.8,174.0,0.73,14.5,11.5,98.0,19.0,5.95,1.43,1.0,1143.0,1.75,0.0,4
702,12.44,69.4,9.1,379.8,0.21,0.39,0.228,0.0,0.16,0.06,0.54,952.0,29.5,166.0,0.68,15.75,16.3,68.0,21.0,6.19,1.42,1.7,1755.0,1.25,0.0,4
703,25.13,69.2,8.6,340.6,0.22,0.38,0.227,0.0,0.16,0.06,0.61,909.0,0.9,238.0,0.67,15.75,12.4,50.0,30.0,6.48,1.39,1.2,2352.0,1.0,0.0,4
704,16.68,61.0,8.2,390.6,0.2,0.39,0.569,0.0,0.17,0.07,0.62,970.0,0.6,321.0,0.67,15.75,19.9,67.0,43.0,6.04,1.24,1.6,2991.0,1.25,0.0,4
705,50.84,66.8,7.8,377.0,0.2,0.4,1.185,0.0324,0.17,0.16,0.64,1101.0,0.0,393.0,0.66,15.75,8.0,142.0,43.0,5.62,1.31,1.3,2977.0,0.75,0.0,4
706,11.65,126.2,2.4,899.0,0.27,0.43,1.936,0.0799,0.21,0.41,0.76,982.0,63.0,419.0,0.69,15.75,510.0,344.0,39.0,5.8,1.61,1.3,3456.0,0.75,0.0,4
707,5.46,73.0,9.9,308.0,0.22,0.39,1.502,0.0,0.17,0.14,0.17,785.0,0.2,179.0,0.67,15.75,6.0,62.0,20.0,6.52,1.36,0.9,1558.0,1.75,0.0,4
708,27.68,70.0,7.3,482.0,0.14,0.4,1.394,0.0,0.14,0.09,0.14,916.0,37.0,285.0,0.73,15.75,7.0,24.0,23.0,6.46,1.4,1.5,1453.0,1.0,0.0,4
709,9.27,66.0,8.0,369.0,0.14,0.39,0.733,0.0,0.13,0.04,0.13,745.0,0.1,189.0,0.74,15.75,5.0,45.0,21.0,6.38,1.33,0.7,1632.0,2.0,0.0,4
710,9.65,83.0,6.7,358.0,0.13,0.38,0.383,0.0,0.13,0.02,0.13,683.0,11.0,125.0,0.74,15.75,5.0,59.0,15.0,6.45,1.28,0.9,827.0,1.0,0.0,4
711,4.09,71.0,6.2,324.0,0.14,0.39,0.348,0.0,0.14,0.02,0.14,657.0,0.0,166.0,0.74,15.75,6.0,157.0,26.0,5.8,1.13,0.6,1242.0,2.25,0.0,4
712,10.28,210.0,15.3,2256.0,0.36,0.54,0.01,0.1,0.22,2.33,0.22,843.0,3.0,252.0,0.79,15.75,9.65,691.0,38.0,5.75,2.09,1.0,252.0,1.25,0.0,4
