CHLA,ALK,TDP,TDN,K,MG,SRSI,MN,CL,FE,SO4,DOC,NO3,PARTN,NA,COND,NH3,DIC,PARTP,PH,CA,NO2,PARTC,SECCHI_DEPTHS,MEAN_DAILY_DISCHARGE
1.65,146.80,3.00,295.00,0.35,0.69,2.46,0.00,0.20,0.27,1.36,1238.50,46.00,45.00,0.98,29.00,17.00,190.00,4.00,6.67,2.55,1.00,400.00,4.25,0.00
2.78,155.00,3.00,234.00,0.45,0.81,2.09,0.02,0.25,0.02,2.26,598.00,21.00,93.00,1.08,27.00,17.00,155.00,6.00,6.96,2.87,1.00,3754.00,3.50,0.00
2.13,103.00,11.00,634.00,0.35,0.00,4.89,0.00,0.13,0.50,1.80,1871.00,32.00,169.00,1.68,25.00,17.00,184.00,9.00,5.96,3.49,2.00,1416.00,4.25,0.02
0.03,0.00,15.00,657.00,0.25,0.61,3.73,0.00,0.13,0.48,1.18,2910.00,0.00,27.00,0.79,38.00,17.00,227.00,3.00,4.92,1.54,3.00,683.00,4.25,0.00
0.11,13.00,9.00,486.00,0.11,0.62,4.19,0.00,0.17,0.34,2.56,1488.00,33.00,0.00,0.90,21.00,17.00,157.00,3.00,5.01,1.83,1.00,328.00,4.25,0.01
3.37,150.00,4.00,267.00,0.47,0.82,2.17,0.00,0.27,0.04,2.24,594.00,15.00,79.00,1.11,21.00,17.00,147.00,6.00,6.96,2.83,1.00,1363.00,4.25,0.05
3.75,245.00,2.00,255.00,0.36,0.81,0.40,0.02,0.20,0.00,1.58,556.00,9.00,39.50,0.65,21.50,17.00,158.00,6.00,6.83,2.01,0.50,521.50,4.25,0.00
0.33,88.00,10.00,574.00,0.31,0.79,4.39,0.00,0.07,0.31,1.53,2046.00,28.00,42.00,1.19,24.00,17.00,184.00,6.00,5.71,2.94,2.00,526.00,4.25,0.08
0.04,0.00,12.00,506.00,0.17,0.56,3.17,0.02,0.10,0.60,1.06,2430.00,4.00,51.00,0.68,25.00,17.00,131.00,4.00,4.53,1.52,3.00,724.00,4.25,0.01
0.22,18.00,6.00,417.00,0.09,0.52,3.75,0.00,0.10,0.24,2.07,1703.00,5.00,14.00,0.69,21.00,17.00,168.00,5.00,4.84,1.62,1.00,454.00,4.25,0.04
3.57,152.00,2.00,234.00,0.41,0.77,2.18,0.00,0.25,0.00,2.32,637.00,18.00,72.00,1.05,27.00,17.00,189.00,6.00,6.88,2.75,0.00,769.00,4.25,0.11
2.51,166.00,2.00,196.00,0.41,0.76,2.19,0.00,0.25,0.00,2.32,604.00,9.00,64.00,1.03,27.00,17.00,183.00,4.00,7.05,2.71,1.00,715.00,3.00,0.00
1.65,175.00,9.00,508.00,0.34,0.87,4.62,0.00,0.16,0.34,1.78,1843.00,8.00,320.00,1.36,29.00,17.00,265.00,45.00,6.22,3.26,2.00,3628.00,4.25,0.01
1.65,0.00,9.00,476.00,0.20,0.46,4.45,0.00,2.96,0.47,1.41,2659.00,1.00,34.00,0.70,31.00,17.00,258.00,4.00,4.21,1.23,3.00,572.00,4.25,0.00
1.65,21.00,6.00,420.00,0.08,0.50,4.31,0.00,0.14,0.31,2.38,1557.00,11.00,14.00,0.80,23.00,17.00,290.00,2.00,4.80,1.61,2.00,349.00,4.25,0.01
1.65,162.00,3.00,205.00,0.41,0.76,2.26,0.00,0.24,0.00,2.20,610.00,8.00,51.00,1.05,27.00,17.00,187.00,4.00,6.98,2.73,1.00,963.00,4.25,0.08
1.88,242.00,2.00,215.00,0.37,0.81,0.35,0.00,0.21,0.00,1.56,575.00,1.00,59.00,0.67,22.00,17.00,140.50,9.00,6.94,2.00,0.00,742.00,4.25,0.00
1.65,174.00,10.00,557.00,0.29,1.00,5.01,0.00,0.10,0.37,1.42,1957.00,12.00,5.00,1.58,30.00,17.00,249.00,4.00,6.21,3.66,2.00,315.00,4.25,0.01
1.65,0.00,11.00,543.00,0.18,0.51,4.68,0.00,0.12,0.52,1.06,3014.00,0.00,32.00,0.80,36.00,17.00,245.00,30.00,4.27,1.36,4.00,854.00,4.25,0.00
1.65,25.00,5.00,402.00,0.06,0.51,4.77,0.00,0.17,0.30,2.32,1640.00,9.00,0.00,0.83,21.00,17.00,293.00,7.00,4.96,1.65,2.00,466.00,4.25,0.00
1.65,163.00,2.00,228.00,0.42,0.76,2.14,0.00,0.25,0.00,2.30,615.00,0.00,42.00,1.05,26.00,17.00,173.00,7.00,7.05,2.69,1.00,797.00,4.25,0.05
0.69,332.00,2.00,169.00,0.42,0.67,0.75,0.00,0.21,0.00,1.68,324.00,0.50,0.00,0.77,25.00,17.00,184.50,6.50,7.21,2.88,0.00,528.00,5.00,0.00
1.65,150.00,10.00,648.00,0.25,1.02,5.07,0.00,0.05,0.57,1.16,2188.00,16.00,0.00,1.69,30.00,17.00,230.00,2.00,6.13,4.23,2.00,332.00,4.25,0.02
1.65,0.00,8.00,579.00,0.14,0.59,4.54,0.00,0.10,0.60,0.75,3030.00,0.00,0.00,0.89,36.00,17.00,252.00,4.00,4.20,1.55,3.00,450.00,4.25,0.00
1.65,18.00,6.00,511.00,0.04,0.61,4.77,0.00,0.12,0.41,2.16,1840.00,5.00,0.00,1.01,22.00,17.00,304.00,2.00,4.86,1.99,2.00,296.00,4.25,0.01
1.65,149.00,2.00,248.00,0.44,0.85,2.09,0.00,0.24,0.00,2.18,662.00,1.00,30.00,1.15,27.00,17.00,169.00,7.00,7.05,2.94,0.00,986.00,4.25,0.06
1.39,234.00,3.00,246.00,0.40,0.86,0.30,0.00,0.19,0.00,1.49,576.00,0.50,0.00,0.71,21.00,17.00,133.00,6.00,7.08,2.08,1.00,788.50,4.25,0.00
1.65,257.00,15.00,773.00,0.10,0.62,5.32,0.02,0.11,0.44,1.83,2209.00,24.00,0.00,1.08,38.00,17.00,355.00,9.00,6.40,2.04,3.00,1114.00,4.25,0.00
1.65,0.00,10.00,637.00,0.18,0.68,4.90,0.00,0.12,0.70,0.54,3470.00,4.00,81.00,1.03,35.00,17.00,269.00,30.00,4.26,1.85,4.00,3127.00,4.25,0.00
1.65,24.00,8.00,522.00,0.40,1.32,4.43,0.02,0.18,0.69,0.97,1861.00,4.00,0.00,2.25,22.00,17.00,394.00,5.00,4.94,5.46,2.00,534.00,4.25,0.00
1.65,162.00,3.00,226.00,0.46,0.86,2.10,0.00,0.23,0.00,2.19,641.00,0.00,0.00,1.18,37.00,17.00,170.00,4.00,7.26,3.00,1.00,735.00,4.25,0.03
0.52,168.00,2.00,171.00,0.42,0.65,0.73,0.00,0.22,0.00,1.69,333.00,1.00,0.00,0.74,25.00,17.00,182.00,3.00,7.23,2.86,0.00,393.00,7.75,0.00
1.32,152.00,3.00,252.50,0.45,0.82,2.06,0.00,0.26,0.00,2.22,629.50,1.00,0.00,1.14,22.00,17.00,162.00,4.50,7.22,2.92,0.00,501.00,3.25,0.00
1.65,0.00,8.00,601.00,0.14,0.71,5.26,0.00,0.09,0.68,0.28,3646.00,0.00,0.00,1.03,36.00,17.00,255.00,3.00,4.25,1.97,5.00,372.00,4.25,0.00
1.65,35.00,8.00,557.00,0.07,0.61,4.93,0.00,0.06,0.46,1.38,2056.00,3.00,0.00,0.99,21.00,17.00,348.00,4.00,4.97,2.01,2.00,407.00,4.25,0.00
1.65,202.00,5.00,241.00,0.48,0.84,2.11,0.00,0.24,0.00,2.19,636.00,3.00,315.00,1.18,27.00,17.00,161.00,32.00,7.17,2.96,0.00,10160.00,4.25,0.02
1.01,253.00,2.50,300.00,0.40,0.82,0.26,0.00,0.20,0.01,1.42,572.50,1.00,11.50,0.71,21.00,17.00,132.50,4.50,6.91,2.01,0.00,570.50,4.25,0.00
1.65,146.80,18.00,815.00,0.25,1.47,6.02,0.00,0.08,0.75,0.66,2339.00,43.00,14.00,2.08,36.00,17.00,302.00,4.00,6.43,5.59,3.00,541.00,4.25,0.00
1.65,0.00,9.00,723.00,0.11,0.71,4.60,0.00,0.09,0.67,0.23,3736.00,2.00,0.00,1.00,38.00,17.00,280.00,6.00,4.21,2.00,4.00,1147.00,4.25,0.00
1.65,24.00,9.00,630.00,0.09,0.69,5.22,0.00,0.07,0.57,0.96,2512.00,3.00,0.00,1.06,22.00,17.00,438.00,3.00,4.96,2.35,2.00,476.00,4.25,0.00
1.65,152.00,3.00,249.00,0.47,0.83,2.01,0.00,0.24,0.00,2.19,618.00,2.00,21.00,1.22,26.00,17.00,148.00,4.00,7.42,2.93,0.00,733.00,4.25,0.02
0.50,326.00,2.50,184.00,0.44,0.68,0.71,0.00,0.20,0.00,1.70,331.00,1.50,0.00,0.81,24.50,17.00,181.50,3.00,7.29,2.94,0.00,299.50,9.00,0.00
1.80,318.00,2.00,245.00,0.49,0.86,2.05,0.00,0.26,0.00,2.20,608.00,2.50,62.00,1.24,26.50,17.00,166.50,4.00,7.23,3.02,0.50,516.50,3.10,0.00
1.65,238.00,21.00,869.00,0.25,1.47,6.80,0.00,0.12,0.79,0.75,2268.00,50.00,0.00,2.06,35.00,17.00,310.00,6.00,6.35,5.56,2.00,718.00,4.25,0.01
1.65,29.00,9.00,621.00,0.10,0.68,5.24,0.00,0.11,0.67,0.73,2408.00,4.00,37.00,1.06,21.00,17.00,445.00,4.00,4.94,2.29,2.00,451.00,4.25,0.00
1.65,161.00,3.00,290.00,0.51,0.84,2.02,0.00,0.55,0.00,2.25,621.00,3.00,0.00,1.30,27.00,17.00,159.00,4.00,7.24,3.00,0.00,512.00,4.25,0.02
3.29,256.00,2.50,245.50,0.43,0.88,0.23,0.00,0.19,0.00,1.42,606.50,1.50,13.00,0.76,21.00,17.00,133.50,4.50,7.03,2.15,0.00,542.00,4.25,0.00
1.65,166.00,1.00,272.00,0.48,0.87,2.03,0.00,0.26,0.00,2.19,614.00,2.00,848.00,1.25,28.00,17.00,158.00,4.00,7.41,3.06,0.00,658.00,4.25,0.01
0.31,165.00,2.00,195.00,0.35,0.69,0.68,0.00,0.20,0.27,1.36,320.00,3.00,21.00,0.98,25.00,17.00,182.00,3.00,7.14,2.55,0.00,549.00,7.00,0.00
1.77,333.00,3.00,229.50,0.48,0.84,1.99,0.00,0.24,0.00,2.17,608.50,1.50,28.00,1.21,27.00,17.00,168.00,6.00,7.28,2.96,0.00,738.00,4.50,0.00
1.65,242.00,21.00,887.00,0.19,1.45,6.49,0.00,0.06,0.94,0.50,2651.00,40.00,46.00,1.89,35.00,17.00,298.00,6.00,6.33,5.74,3.00,1006.00,4.25,0.01
1.65,0.00,10.00,740.00,0.06,0.81,4.15,0.00,0.07,0.73,0.10,4336.00,3.00,0.00,1.01,42.00,17.00,316.00,4.00,4.17,2.29,4.00,520.00,4.25,0.00
1.65,159.00,3.00,245.00,0.47,0.82,1.95,0.00,0.24,0.00,2.11,611.00,2.00,37.00,1.20,27.00,17.00,171.00,5.00,7.27,2.91,0.00,713.00,4.25,0.02
1.31,251.00,2.50,263.50,0.41,0.84,0.23,0.00,0.18,0.00,1.39,603.00,2.00,35.00,0.74,21.00,17.00,137.00,3.50,7.02,2.04,0.00,690.50,4.25,0.00
1.65,241.00,23.00,920.00,0.19,1.47,6.33,0.02,0.06,1.08,0.46,2999.00,41.00,22.00,1.79,36.00,17.00,317.00,4.00,6.11,5.96,3.00,763.00,4.25,0.01
1.65,0.00,8.00,713.00,0.06,0.79,3.98,0.00,0.04,0.74,0.12,4295.00,3.00,0.00,0.94,42.00,17.00,326.00,2.00,4.44,2.24,4.00,512.00,4.25,0.00
1.65,44.00,10.00,756.00,0.09,0.75,4.88,0.00,0.15,0.76,0.44,2796.00,4.00,11.00,1.07,23.00,17.00,318.00,4.00,4.89,2.57,2.00,634.00,4.25,0.00
1.65,179.00,3.00,266.00,0.44,0.81,2.00,0.00,0.24,0.00,2.12,608.00,1.00,27.00,1.18,26.00,17.00,158.00,2.00,7.40,2.91,0.00,987.00,4.25,0.02
2.38,346.00,4.00,227.00,0.48,0.84,1.96,0.00,0.24,0.00,2.15,608.50,1.00,32.00,1.22,27.00,17.00,167.50,4.00,7.23,2.96,0.00,548.50,4.00,0.00
1.65,146.80,25.00,905.00,0.29,1.82,6.63,0.02,0.08,1.17,0.49,2668.00,57.00,42.00,2.20,45.00,17.00,405.00,7.00,6.50,7.17,3.00,1044.00,4.25,0.00
1.65,146.80,7.00,754.00,0.12,0.85,4.51,0.00,0.09,0.85,0.13,4475.00,4.00,137.00,1.03,41.00,17.00,322.00,9.00,4.21,2.48,4.00,3503.00,4.25,0.00
1.65,146.80,9.00,699.00,0.07,0.71,5.02,0.00,0.11,0.79,0.41,2578.00,3.00,28.00,1.09,22.00,17.00,348.00,5.00,5.04,2.42,2.00,805.00,4.25,0.00
1.65,146.80,2.00,221.00,0.45,0.82,1.98,0.00,0.24,0.00,2.17,627.00,2.00,27.00,1.20,27.00,17.00,155.00,5.00,7.61,2.93,0.00,608.00,4.25,0.01
1.65,167.00,2.00,277.00,0.47,0.82,2.02,0.00,0.26,0.02,2.15,624.00,3.00,31.00,1.24,26.00,17.00,153.00,3.00,7.63,2.92,0.00,682.00,4.25,0.01
0.89,174.00,2.00,168.00,0.43,0.68,0.66,0.00,0.22,0.00,1.58,340.00,2.00,21.00,0.84,24.00,17.00,188.00,2.00,7.37,2.96,0.00,502.00,7.25,0.00
2.16,348.00,1.50,207.00,0.42,0.80,2.04,0.00,0.24,0.00,2.13,603.00,1.00,39.50,1.09,26.50,17.00,163.50,5.00,7.33,2.82,0.00,730.50,4.50,0.00
1.65,179.00,2.00,212.00,0.42,0.82,2.03,0.00,0.25,0.00,2.06,603.00,1.00,33.00,1.13,26.00,17.00,168.00,4.00,7.37,2.85,0.00,782.00,4.25,0.00
1.49,135.00,2.00,256.00,0.38,0.83,0.22,0.00,0.21,0.00,1.31,586.00,1.00,12.00,0.72,20.00,17.00,130.00,2.00,7.09,2.03,0.00,596.00,4.25,0.00
1.65,189.00,15.00,700.00,0.18,1.12,6.89,0.00,0.10,0.70,1.86,2168.00,42.00,23.00,1.75,34.00,17.00,322.00,5.00,6.15,4.57,2.00,597.00,4.25,0.01
1.65,0.00,9.00,733.00,0.05,0.89,4.45,0.00,0.07,0.80,0.26,4960.00,3.00,0.00,0.87,41.00,17.00,328.00,4.00,4.12,2.54,4.00,589.00,4.25,0.00
1.65,38.00,16.00,773.00,0.08,0.79,6.48,0.01,0.17,0.79,0.93,2892.00,5.00,16.00,0.93,25.00,17.00,432.00,5.00,4.90,2.67,3.00,642.00,4.25,0.00
1.40,170.00,2.00,162.00,0.40,0.64,0.61,0.00,0.20,0.00,1.64,342.00,1.00,0.00,0.75,24.00,17.00,175.00,4.00,7.32,2.81,0.00,438.00,6.25,0.00
1.90,347.00,2.00,233.50,0.42,0.81,1.93,0.00,0.23,0.00,1.22,601.00,2.00,31.00,1.10,27.00,17.00,170.50,3.50,7.37,2.81,0.00,622.00,3.00,0.00
1.65,172.00,3.00,236.00,0.41,0.79,1.93,0.00,0.22,0.00,2.14,597.00,1.00,38.00,1.05,27.00,17.00,157.00,4.00,7.54,2.77,0.00,831.00,4.25,0.00
1.65,260.00,3.00,249.00,0.35,0.79,0.21,0.00,0.18,0.00,1.30,612.00,4.50,14.00,0.65,20.50,17.00,131.50,3.00,7.07,1.90,0.00,523.50,4.25,0.00
1.65,184.00,17.00,869.00,0.21,1.24,6.45,0.00,0.11,0.89,1.04,3365.00,7.00,11.00,1.62,33.00,17.00,253.00,5.00,6.05,5.04,2.00,571.00,4.25,0.02
1.65,0.00,11.00,808.00,0.12,0.89,3.80,0.00,0.11,0.87,0.25,5242.00,2.70,0.00,0.83,49.00,17.00,376.00,2.00,4.09,2.52,5.00,600.00,4.25,0.00
1.65,56.00,11.00,787.00,0.07,0.84,6.01,0.02,0.33,0.92,0.65,3329.00,2.00,0.00,0.95,28.00,17.00,433.00,4.00,4.92,2.91,3.00,639.00,4.25,0.00
1.65,165.00,2.00,212.00,0.42,0.79,1.92,0.00,0.23,0.00,2.10,623.00,1.00,45.00,1.08,27.00,17.00,159.00,4.00,7.45,2.78,1.00,790.00,4.25,0.02
2.11,351.00,3.50,239.50,0.44,0.78,1.93,0.00,0.23,0.00,2.08,524.01,1.00,38.50,1.09,26.50,17.00,175.00,4.00,7.25,2.85,0.00,663.50,4.75,0.00
1.65,283.00,18.00,741.00,0.27,1.39,7.16,0.00,0.11,0.67,0.80,2285.84,9.00,17.00,1.88,39.00,17.00,410.00,6.00,6.26,5.57,2.00,669.00,4.25,0.00
1.65,0.00,18.00,870.00,0.15,0.87,4.90,0.00,0.14,0.95,0.17,4666.42,0.00,45.00,0.88,43.00,17.00,317.00,5.00,4.22,2.62,5.00,1335.00,4.25,0.00
1.65,60.00,10.00,655.00,0.02,0.69,5.29,0.00,0.25,0.68,0.70,2401.00,1.00,66.00,0.97,23.00,17.00,241.00,7.00,5.13,2.32,2.00,1268.00,4.25,0.00
1.65,165.00,3.00,221.00,0.42,0.79,1.93,0.00,0.25,0.00,2.15,621.00,1.00,47.00,1.09,26.00,17.00,162.00,4.00,7.51,2.77,0.00,850.00,4.25,0.01
2.74,277.00,2.00,256.00,0.36,0.81,0.29,0.00,0.17,0.01,1.24,631.50,1.00,27.00,0.67,20.00,17.00,129.50,3.50,7.06,1.92,0.00,527.00,4.25,0.00
1.65,60.00,10.00,694.00,0.11,0.67,5.88,0.00,0.31,0.70,0.62,2425.00,3.00,63.00,1.08,21.00,17.00,359.00,6.00,5.12,2.08,2.00,1117.00,4.25,0.00
1.65,164.00,2.00,258.00,0.42,0.80,1.91,0.00,0.25,0.00,2.05,616.00,1.00,41.00,1.14,26.00,17.00,169.00,4.00,7.22,2.76,0.00,839.00,4.25,0.00
2.53,342.00,2.00,251.50,0.45,0.81,1.92,0.00,0.27,0.00,2.13,626.50,1.00,25.00,1.11,27.50,17.00,186.50,4.00,7.14,2.81,0.00,561.50,5.25,0.00
1.65,170.00,2.00,247.00,0.43,0.80,1.90,0.00,0.27,0.00,2.15,609.00,1.00,33.00,1.10,27.00,17.00,168.00,4.00,7.26,2.78,0.00,760.00,4.25,0.00
3.26,270.00,3.00,262.00,0.36,0.77,0.23,0.00,0.20,0.00,1.30,615.00,1.00,25.50,0.64,20.00,17.00,145.00,4.00,6.97,1.88,0.00,605.50,4.25,0.00
0.99,175.00,2.00,186.00,0.35,0.58,0.55,0.00,0.19,0.00,1.60,351.00,1.00,39.15,0.65,24.00,17.00,177.00,4.00,7.29,2.60,0.00,454.25,6.00,0.00
1.65,214.00,16.00,1103.00,0.44,1.56,7.68,0.00,0.62,0.59,1.72,1939.00,470.00,39.15,2.25,42.00,17.00,300.00,4.00,6.41,5.25,3.00,454.25,4.25,0.01
1.65,0.00,14.00,901.00,0.09,1.22,5.41,0.00,0.19,0.97,0.43,5931.00,0.00,39.15,0.84,54.00,17.00,308.00,4.00,4.07,3.35,5.00,454.25,4.25,0.00
1.65,43.00,17.00,734.00,0.10,0.86,7.88,0.00,0.44,0.77,0.55,2821.00,10.00,39.15,1.02,26.00,17.00,431.00,4.00,4.96,2.80,3.00,454.25,4.25,0.00
1.65,170.00,3.00,209.00,0.38,0.86,1.97,0.00,0.25,0.00,1.73,582.00,2.00,39.15,0.98,28.00,17.00,196.00,7.00,6.97,3.05,0.00,454.25,4.25,0.00
1.65,190.00,12.00,763.00,0.33,1.30,7.76,0.00,0.37,0.64,0.99,2402.00,80.00,39.15,2.09,35.00,17.00,242.00,4.00,6.34,4.67,2.00,454.25,4.25,0.01
1.65,46.00,11.00,698.00,0.11,0.86,7.85,0.02,0.40,0.78,0.73,2721.00,9.00,39.15,1.24,24.00,17.00,435.00,3.00,5.04,2.69,3.00,454.25,4.25,0.00
1.65,179.00,3.00,218.00,0.46,0.89,2.01,0.00,0.25,0.00,1.39,584.00,9.00,39.15,1.17,28.00,17.00,212.00,7.00,6.83,2.99,0.00,454.25,4.25,0.00
3.33,184.00,3.00,243.00,0.44,0.84,2.04,0.00,0.25,0.00,1.38,574.00,10.00,39.15,1.02,27.00,17.00,218.00,5.00,6.75,2.87,0.00,454.25,4.63,0.00
1.42,355.00,2.50,182.50,0.40,0.68,0.59,0.06,0.17,0.00,0.88,340.00,2.00,39.15,0.68,24.50,17.00,232.50,4.00,6.81,2.84,0.00,454.25,5.50,0.00
1.09,125.00,3.00,299.00,0.36,0.75,0.60,0.02,0.19,0.02,1.36,508.00,52.00,36.00,0.63,21.00,17.00,214.00,8.00,6.39,1.94,0.00,421.60,4.25,0.00
1.90,146.80,4.00,261.00,0.43,0.76,2.20,0.00,0.20,0.00,1.84,509.00,37.00,36.00,1.04,27.00,17.00,234.00,4.00,6.64,2.79,1.00,398.20,4.00,0.00
1.65,138.00,10.00,455.00,0.36,0.81,4.84,0.00,0.09,0.27,1.50,1363.00,13.00,0.00,1.45,25.00,17.00,218.00,2.00,6.22,3.11,3.00,266.90,4.25,0.01
1.65,0.00,9.00,503.00,0.28,0.36,4.89,0.00,0.07,0.38,0.99,2082.00,3.00,0.00,0.71,32.00,17.00,232.00,3.00,4.29,1.03,4.00,307.10,4.25,0.00
1.65,18.00,7.00,482.00,0.19,0.40,3.93,0.00,0.11,0.25,1.84,1154.00,11.00,29.00,0.81,19.00,17.00,247.00,3.00,4.98,1.31,2.00,240.30,4.25,0.00
1.65,164.00,4.00,269.00,0.43,0.75,0.01,0.00,0.22,0.02,1.84,514.00,48.00,41.00,1.09,26.00,17.00,220.00,3.00,6.67,2.77,1.00,325.60,4.25,0.00
1.51,177.00,4.00,198.00,0.37,0.62,0.81,0.06,0.18,0.00,1.39,254.00,11.00,44.00,0.73,25.00,17.00,234.00,5.00,7.02,2.83,1.00,383.30,4.00,0.00
1.65,184.00,9.00,488.00,0.44,1.04,4.66,0.00,0.10,0.35,1.70,1498.00,6.00,23.00,1.88,29.00,17.00,266.00,3.00,6.43,4.02,1.00,291.90,4.25,0.01
1.65,0.00,11.00,526.00,0.28,0.41,5.36,0.00,0.09,0.46,1.01,2400.00,2.00,42.00,0.78,32.00,17.00,247.00,4.00,4.66,1.18,2.00,298.70,4.25,0.00
1.65,329.00,2.00,223.50,0.48,0.84,2.26,0.00,0.23,0.00,2.06,507.50,14.00,67.50,1.17,26.50,17.00,198.00,5.00,6.94,3.10,1.00,525.50,4.25,0.00
4.35,167.00,3.00,248.00,0.51,0.89,2.31,0.00,0.25,0.00,2.19,515.00,10.00,62.00,1.24,27.00,17.00,204.00,7.00,6.94,3.32,1.00,518.50,3.25,0.00
1.65,154.00,8.00,561.00,0.39,0.92,5.67,0.00,0.12,0.31,1.71,1500.00,13.00,30.00,1.79,27.00,17.00,206.00,3.00,6.41,3.56,1.00,204.40,4.25,0.02
1.65,0.00,9.00,519.00,0.28,0.45,4.86,0.00,0.11,0.46,0.94,2334.00,2.00,24.00,0.83,32.00,17.00,236.00,5.00,4.27,1.29,2.00,243.80,4.25,0.00
1.65,19.00,6.00,427.00,0.12,0.47,4.49,0.00,0.09,0.32,1.79,1359.00,15.00,0.00,0.96,21.00,17.00,280.00,3.00,4.90,1.63,1.00,134.50,4.25,0.00
1.65,331.00,2.50,310.00,0.56,0.83,2.25,0.00,0.33,0.00,2.25,519.50,14.00,71.00,1.23,26.00,17.00,192.50,5.50,7.00,3.06,1.00,629.25,4.25,0.00
1.65,232.00,12.00,716.00,0.59,1.17,4.51,0.00,0.26,0.42,1.37,1606.00,2.00,23.00,2.03,33.00,17.00,303.00,3.00,6.52,4.51,2.00,262.40,4.25,0.01
1.65,0.00,11.00,533.00,0.24,0.45,5.03,0.00,0.12,0.50,0.58,2541.00,2.00,19.00,0.81,31.00,17.00,266.00,3.00,4.29,1.32,3.00,388.40,4.25,0.00
1.65,28.00,8.00,617.00,0.27,0.45,4.60,0.00,0.34,0.35,1.71,1472.00,7.00,21.00,1.05,19.00,17.00,359.00,2.00,4.96,1.57,2.00,285.30,4.25,0.00
1.65,172.00,9.00,227.00,0.44,0.82,2.16,0.00,0.25,0.00,2.16,537.00,2.00,132.00,1.13,26.00,17.00,189.00,12.00,7.01,3.04,0.00,1953.00,4.25,0.00
4.00,257.00,3.00,237.00,0.43,0.87,0.49,0.00,0.20,0.00,1.36,500.00,2.00,68.00,0.73,20.00,17.00,143.00,7.50,7.05,2.23,0.00,581.25,4.25,0.00
1.65,177.00,11.00,737.00,0.37,0.99,5.64,0.00,0.16,0.41,1.15,1995.00,9.00,30.00,1.78,28.00,17.00,241.00,3.00,6.21,3.96,2.00,318.40,4.25,0.02
1.65,0.00,9.00,594.00,0.25,0.51,4.12,0.00,0.12,0.53,0.43,2791.00,2.00,29.00,0.90,34.00,17.00,267.00,4.00,4.19,1.52,3.00,438.30,4.25,0.00
1.65,24.00,9.00,566.00,0.10,0.53,4.54,0.00,0.15,0.41,1.37,1989.00,2.00,41.00,1.03,19.00,17.00,273.00,6.00,4.89,1.88,3.00,631.00,4.25,0.01
1.65,163.00,4.00,265.00,0.42,0.78,2.05,0.00,0.28,0.00,2.16,547.00,2.00,83.00,1.07,25.00,17.00,171.00,9.00,7.18,2.85,0.00,1108.50,4.25,0.00
2.96,164.00,3.00,229.00,0.39,0.76,2.13,0.00,0.34,0.02,2.10,524.00,3.00,112.00,1.07,26.00,17.00,188.00,4.00,7.12,2.80,0.00,909.20,3.25,0.00
1.65,179.00,11.00,637.00,0.24,1.04,5.25,0.00,0.13,0.47,1.19,1951.00,14.00,5.00,1.59,29.00,17.00,240.00,2.00,6.27,4.06,2.00,135.20,4.25,0.02
1.65,0.00,9.50,539.00,0.22,0.50,4.01,0.00,0.10,0.53,0.37,2809.50,6.50,7.00,0.88,34.00,17.00,256.50,2.00,4.23,1.43,2.50,1867.15,4.25,0.00
1.65,15.00,8.00,472.00,0.07,0.52,4.35,0.00,0.27,0.35,1.66,1679.00,5.00,0.00,1.02,26.00,17.00,214.00,2.00,4.82,1.82,2.00,186.40,4.25,0.01
0.84,171.00,4.00,181.00,0.38,0.65,0.71,0.00,0.22,0.00,1.57,330.00,1.00,23.00,0.71,24.00,17.00,203.00,3.00,7.16,2.86,0.00,231.00,7.00,0.00
1.88,124.00,4.00,251.00,0.34,0.79,0.38,0.00,0.19,0.02,1.33,532.00,1.00,37.00,0.63,20.00,17.00,135.00,5.00,7.14,0.98,0.00,466.30,4.25,0.00
2.03,167.00,3.00,226.00,0.49,0.95,2.02,0.00,0.22,0.00,1.87,569.00,2.00,42.00,1.22,25.00,17.00,181.00,4.00,7.13,3.49,0.00,394.00,3.25,0.00
1.65,620.00,14.00,747.00,0.29,1.21,3.14,0.00,0.11,0.59,0.91,1869.50,33.00,32.00,1.82,33.00,17.00,340.00,3.00,6.43,4.66,2.00,327.50,4.25,0.01
1.65,0.00,8.00,588.00,0.17,0.53,4.64,0.00,0.08,0.58,0.25,3009.00,1.00,17.00,0.83,33.00,17.00,294.00,2.00,4.24,1.52,3.00,249.10,4.25,0.00
1.65,23.00,8.00,502.00,0.04,0.50,4.56,0.00,0.05,0.40,1.30,1718.00,4.00,15.00,0.90,19.00,17.00,514.00,1.00,4.87,1.71,2.00,164.20,4.25,0.00
1.65,146.80,3.00,313.00,0.51,0.80,2.01,0.00,0.28,0.00,1.99,572.00,2.00,61.00,1.10,26.00,17.00,179.00,4.00,7.14,2.80,0.00,746.50,4.25,0.00
1.65,207.00,13.00,761.00,0.24,1.13,5.83,0.00,0.14,0.61,0.74,2220.00,24.00,32.00,1.78,31.00,17.00,277.00,3.00,6.25,4.53,2.00,652.00,4.25,0.01
1.65,0.00,8.00,612.00,0.10,0.54,4.36,0.00,0.08,0.58,0.21,3128.00,4.00,36.00,0.86,35.00,17.00,286.00,3.00,4.15,1.52,3.00,258.40,4.25,0.00
1.65,24.00,8.00,540.00,0.04,0.52,4.93,0.00,0.09,0.43,1.24,1951.00,2.00,23.00,1.00,21.00,17.00,288.00,3.00,4.82,1.84,2.00,269.50,4.25,0.00
1.50,169.00,3.00,192.00,0.37,0.62,0.61,0.00,0.18,0.00,1.45,305.00,1.00,46.00,0.70,23.00,17.00,196.00,4.00,7.34,2.72,0.00,490.70,7.75,0.00
1.60,256.00,3.50,255.00,0.35,0.77,0.34,0.00,0.21,0.00,1.37,505.50,0.50,65.00,0.64,20.00,17.00,138.00,3.50,7.11,1.89,0.00,507.75,4.25,0.00
1.65,253.00,5.50,754.00,0.35,0.69,3.46,0.00,0.20,0.27,1.36,1238.50,2.70,39.15,0.98,25.13,17.00,227.00,4.00,6.35,2.55,1.00,454.25,4.25,0.00
1.65,0.00,5.50,663.00,0.35,0.69,3.46,0.00,0.20,0.27,1.36,1238.50,2.70,39.15,0.98,25.13,17.00,227.00,4.00,6.35,2.55,1.00,454.25,4.25,0.00
1.65,22.00,5.50,590.00,0.35,0.69,3.46,0.00,0.20,0.27,1.36,1238.50,2.70,39.15,0.98,25.13,17.00,227.00,4.00,6.35,2.55,1.00,454.25,4.25,0.00
3.10,163.00,3.00,248.00,0.39,0.78,1.99,0.00,0.26,0.02,2.15,601.00,3.00,61.00,1.04,25.00,17.00,171.00,3.00,7.06,2.78,1.00,446.50,2.75,0.00
1.65,98.00,11.00,718.00,0.08,0.85,4.48,0.00,0.03,0.50,0.56,2277.00,7.00,45.00,1.04,24.00,17.00,235.00,6.00,5.60,3.49,2.00,463.40,4.25,0.18
1.65,0.00,9.00,570.00,0.07,0.47,2.80,0.02,0.07,0.40,0.21,2688.00,2.00,42.00,0.64,36.00,17.00,362.00,6.00,4.18,1.41,3.00,369.80,4.25,0.02
1.65,13.00,8.00,681.00,0.08,0.53,4.09,0.00,0.08,0.29,1.09,1922.00,1.00,39.00,0.67,25.00,17.00,284.00,4.00,7.10,1.84,1.00,260.20,4.25,0.07
1.65,161.00,2.00,288.00,0.41,0.77,1.99,0.00,0.22,0.00,1.80,602.00,4.00,55.00,1.05,22.00,17.00,168.00,5.00,4.72,2.74,1.00,481.80,4.25,0.00
1.65,149.00,13.00,724.00,0.24,0.97,5.48,0.00,0.17,0.67,0.74,2047.00,19.00,32.00,1.32,26.00,17.00,287.00,3.00,5.92,3.91,3.00,250.40,4.25,0.05
1.65,0.00,7.00,588.00,0.04,0.43,4.22,0.02,0.06,0.58,0.45,2759.00,2.00,20.00,0.75,36.00,17.00,340.00,2.00,4.16,1.26,3.00,176.60,4.25,0.01
1.65,159.00,2.00,290.00,0.39,0.76,2.04,0.00,0.28,0.02,1.72,628.00,5.00,81.00,1.09,25.00,17.00,182.00,4.00,6.98,2.71,1.00,596.50,4.25,0.00
1.65,172.00,20.00,810.00,0.14,1.05,5.85,0.00,0.08,0.86,0.71,2088.00,33.00,46.00,1.37,29.00,17.00,328.00,4.00,6.01,4.33,4.00,336.20,4.25,0.02
1.65,0.00,8.00,593.50,0.06,0.43,4.55,0.00,0.06,0.57,0.40,2758.50,1.00,9.50,0.80,37.50,17.00,374.00,2.00,4.17,1.22,4.00,210.55,4.25,0.00
1.65,16.00,6.00,520.00,0.02,0.45,4.85,0.00,0.05,0.34,1.34,1707.00,1.00,16.00,0.77,20.00,17.00,357.00,2.00,4.78,1.62,2.00,121.90,4.25,0.01
1.65,155.00,2.00,287.00,0.41,0.76,2.09,0.00,0.24,0.02,1.78,675.00,3.00,71.00,1.07,25.00,17.00,159.00,5.00,7.07,2.70,0.00,609.50,4.25,0.00
1.59,164.00,2.00,198.00,0.36,0.62,0.54,0.00,0.16,0.00,1.32,333.00,2.00,51.00,0.69,22.00,17.00,191.00,4.00,7.21,2.67,0.00,454.50,4.50,0.00
2.40,113.00,2.00,291.00,0.32,0.75,3.46,0.00,0.16,0.02,1.18,583.00,0.00,56.00,0.62,18.00,17.00,134.00,5.00,6.46,1.81,0.00,546.00,4.25,0.00
3.18,153.00,3.00,264.00,0.36,0.75,2.09,0.00,0.22,0.02,1.87,676.00,1.00,65.00,1.01,24.00,17.00,168.00,4.00,7.01,2.71,0.00,544.00,3.50,0.00
1.65,187.00,21.00,851.00,0.17,1.04,6.30,0.00,0.12,0.86,0.62,2202.00,30.00,30.00,1.36,28.00,17.00,279.00,4.00,6.08,4.34,4.00,346.20,4.25,0.02
1.65,0.00,10.00,643.00,0.05,0.46,4.62,0.00,0.05,0.60,0.30,2848.00,1.00,18.00,0.79,36.00,17.00,375.00,3.00,4.10,1.28,5.00,188.20,4.25,0.00
1.65,13.00,8.00,535.00,0.01,0.47,5.39,0.00,0.05,0.32,1.11,1841.00,1.00,23.00,0.84,20.00,17.00,191.00,3.00,4.71,1.70,2.00,172.20,4.25,0.01
1.65,316.00,3.00,256.00,0.36,0.76,2.11,0.00,0.21,0.02,1.84,689.50,0.00,54.50,1.02,24.00,17.00,160.00,3.00,7.01,2.73,1.00,540.50,4.25,0.00
1.65,130.00,18.00,757.00,0.08,0.96,5.29,0.00,0.08,0.77,0.48,2420.00,12.00,40.00,1.08,26.00,17.00,287.00,4.00,5.70,3.92,4.00,250.40,4.25,0.08
1.65,0.00,10.00,618.00,0.07,0.47,3.77,0.00,0.09,0.53,0.24,2967.00,2.00,32.00,0.68,35.00,17.00,375.00,3.00,4.14,1.35,4.00,285.70,4.25,0.01
1.65,156.00,3.00,270.00,0.37,0.72,2.08,0.00,0.28,0.00,1.76,697.00,0.00,77.00,0.98,24.00,17.00,148.00,3.00,7.02,2.56,1.00,647.50,4.25,0.00
1.21,162.00,2.00,199.00,0.35,0.60,0.49,0.00,0.18,0.00,1.38,362.00,2.00,62.00,0.66,23.00,17.00,185.00,3.00,7.25,2.60,0.00,528.00,5.25,0.00
1.72,229.00,2.50,277.00,0.31,0.74,0.56,0.00,0.17,0.02,1.16,618.50,1.00,57.50,0.62,18.00,17.00,124.50,4.00,6.86,1.75,0.00,453.00,4.25,0.00
2.84,150.00,3.00,257.00,0.35,0.73,2.15,0.00,0.24,0.00,1.75,714.00,0.00,75.00,1.00,23.00,17.00,157.00,5.00,7.02,2.58,1.00,551.50,3.25,0.00
1.65,126.00,18.00,864.00,0.12,0.95,5.65,0.00,3.63,0.65,0.52,2349.00,12.00,34.00,1.28,26.00,17.00,330.00,4.00,5.62,3.88,4.00,318.00,4.25,0.11
1.65,0.00,13.00,707.00,0.06,0.54,3.97,0.00,2.73,0.58,0.17,3373.00,1.00,25.00,0.75,39.00,17.00,429.00,4.00,3.99,1.52,5.00,437.80,4.25,0.01
1.65,15.00,16.00,817.00,0.06,0.56,6.15,0.02,0.13,0.71,0.44,3272.00,3.00,29.00,0.92,24.00,17.00,372.00,4.00,4.59,1.93,4.00,410.30,4.25,0.01
1.65,150.00,3.00,267.00,0.34,0.72,2.11,0.00,0.20,0.02,1.76,715.00,2.00,63.00,0.99,24.00,17.00,157.00,4.00,6.97,2.56,1.00,643.50,4.25,0.00
1.65,146.80,5.50,402.00,0.15,0.71,3.46,0.03,0.14,0.76,0.22,3571.25,2.70,39.15,1.08,25.13,17.00,227.00,4.00,4.34,2.05,1.00,454.25,4.25,0.01
1.65,146.80,5.50,402.00,0.05,0.65,3.46,0.02,0.11,0.60,0.63,2371.00,2.70,39.15,1.14,25.13,17.00,227.00,4.00,5.04,2.75,1.00,454.25,4.25,0.01
1.65,146.80,5.50,402.00,0.35,0.69,3.46,0.00,0.20,0.27,1.36,1238.50,2.70,39.15,0.98,25.13,17.00,227.00,4.00,4.21,2.55,1.00,454.25,4.25,0.00
1.65,146.80,5.50,402.00,0.01,0.54,3.46,0.02,0.09,0.57,0.66,2338.00,2.70,39.15,1.09,25.13,17.00,227.00,4.00,5.07,2.51,1.00,454.25,4.25,0.01
1.65,230.00,26.00,918.00,0.23,1.34,6.81,0.00,0.14,1.26,0.41,2512.00,32.00,29.00,1.63,34.00,17.00,289.00,3.00,6.29,5.44,1.00,480.40,4.25,0.01
1.65,0.00,18.00,838.00,0.11,0.59,5.03,0.00,0.10,0.89,0.12,3400.00,6.00,20.00,0.90,37.00,17.00,381.00,2.00,4.20,1.71,1.00,268.50,4.25,0.00
1.65,25.00,21.00,734.00,0.03,0.51,5.84,0.00,0.09,0.62,0.55,2104.00,4.00,20.00,0.93,20.00,17.00,463.00,3.00,4.84,1.96,0.00,221.80,4.25,0.00
1.54,168.00,3.50,188.50,0.36,0.61,0.43,0.00,0.19,0.00,1.45,371.00,1.00,47.00,0.73,23.00,17.00,192.50,5.50,7.31,2.71,0.00,571.25,4.00,0.00
1.90,109.00,2.00,283.00,0.32,0.74,0.54,0.00,0.16,0.00,1.07,596.00,2.00,43.00,0.64,18.00,17.00,124.00,2.00,6.97,1.80,0.00,440.60,4.25,0.00
1.65,146.80,5.50,402.00,0.09,0.67,3.46,0.02,3.28,0.78,0.16,3577.00,2.70,39.15,1.07,25.13,17.00,227.00,4.00,4.39,1.95,1.00,454.25,4.25,0.00
1.65,146.80,5.50,402.00,0.04,0.58,3.46,0.02,2.13,0.60,0.58,2224.33,2.70,39.15,1.13,25.13,17.00,227.00,4.00,5.45,2.70,1.00,454.25,4.25,0.00
3.44,150.00,2.00,299.00,0.36,0.76,2.19,0.00,0.20,0.00,1.66,720.00,1.00,48.00,1.07,24.00,17.00,162.00,6.00,7.05,2.75,1.00,525.00,3.25,0.00
1.65,641.00,30.00,942.00,0.49,1.56,7.65,0.00,0.52,1.22,0.43,2247.00,43.50,41.00,2.17,41.00,17.00,411.00,7.50,6.52,6.25,1.00,708.25,4.25,0.00
1.65,0.00,25.00,880.00,0.15,0.68,5.70,0.00,0.10,1.09,0.11,3883.00,5.00,17.00,0.94,35.00,17.00,318.00,4.00,4.26,2.04,1.00,326.90,4.25,0.00
1.65,42.00,31.00,897.00,0.07,0.54,6.24,0.00,0.12,0.88,0.36,2378.00,5.00,0.00,0.96,21.00,17.00,484.00,4.00,4.93,2.10,1.00,277.60,4.25,0.00
1.65,154.00,3.00,292.00,0.39,0.76,3.46,0.00,0.23,0.00,1.71,753.00,2.70,45.00,1.11,24.00,17.00,152.00,5.00,7.17,2.73,1.00,523.00,4.25,0.00
1.65,292.00,26.00,908.00,0.22,1.48,7.51,0.00,0.19,1.17,0.39,2460.00,30.00,118.00,1.79,39.00,17.00,385.00,8.00,6.45,6.07,4.00,1362.00,4.25,0.01
1.65,0.00,27.00,995.00,0.17,0.72,5.29,0.00,0.10,1.12,0.09,4227.00,2.70,45.00,0.91,39.00,17.00,382.00,4.00,4.18,2.15,8.00,516.00,4.25,0.00
1.65,153.00,3.00,279.00,0.35,0.74,2.15,0.00,0.20,0.00,1.70,746.00,1.00,68.00,1.04,24.00,17.00,158.00,4.00,7.06,2.72,1.00,702.50,4.25,0.00
1.10,164.00,2.00,199.00,0.36,0.60,0.37,0.00,0.17,0.00,1.33,435.00,2.70,54.00,0.71,22.00,17.00,190.00,4.00,7.24,2.65,1.00,505.00,4.50,0.00
2.10,229.00,2.00,228.50,0.31,0.75,0.53,0.00,0.16,0.02,1.14,615.00,1.00,53.50,0.64,18.00,17.00,125.50,3.50,6.94,1.82,1.00,579.55,4.25,0.00
1.65,153.00,3.00,289.00,0.43,0.76,2.14,0.00,0.28,0.00,1.80,719.00,0.00,65.00,1.12,25.00,17.00,167.00,5.00,7.04,2.71,1.00,604.00,2.75,0.00
1.65,291.00,27.00,862.00,0.31,1.44,7.48,0.00,0.14,1.06,0.52,2211.00,40.00,36.00,1.89,39.00,17.00,407.00,5.00,6.46,5.83,4.00,694.40,4.25,0.01
1.65,0.00,31.00,1010.00,0.19,0.80,4.16,0.00,0.12,1.15,0.13,4684.00,0.00,80.00,0.92,43.00,17.00,441.00,7.00,4.12,2.34,8.00,838.70,4.25,0.00
1.65,19.00,73.00,1310.00,0.07,0.63,6.38,0.00,0.17,1.15,0.30,3444.00,0.00,82.00,1.01,25.00,17.00,467.00,5.00,4.66,2.45,11.00,860.50,4.25,0.00
1.65,158.00,2.00,271.00,0.37,0.73,2.11,0.00,0.11,0.02,0.34,754.00,0.00,81.00,1.05,24.00,17.00,160.00,4.00,7.12,2.68,1.00,684.40,4.25,0.00
1.65,146.80,5.50,402.00,0.22,1.47,3.46,0.01,0.15,1.07,0.52,1945.86,2.70,39.15,2.12,25.13,17.00,227.00,4.00,6.96,6.52,1.00,454.25,4.25,0.00
1.65,146.80,5.50,402.00,0.32,0.93,3.46,0.03,0.19,1.08,0.19,3293.40,2.70,39.15,1.18,25.13,17.00,227.00,4.00,4.46,2.86,1.00,454.25,4.25,0.00
1.65,146.80,5.50,402.00,0.06,0.64,3.46,0.03,0.18,0.92,0.41,2085.33,2.70,39.15,1.19,25.13,17.00,227.00,4.00,5.17,2.66,1.00,454.25,4.25,0.00
1.65,182.00,25.00,971.00,0.27,1.19,6.80,0.00,0.18,1.12,0.55,2735.00,0.00,98.00,1.62,32.00,17.00,309.00,14.00,6.01,4.90,4.00,1276.00,4.25,0.04
1.65,0.00,24.00,923.00,0.27,0.79,4.22,0.00,0.13,1.02,0.20,4572.00,2.00,45.00,0.86,48.00,17.00,452.00,6.00,4.10,2.25,7.00,569.50,4.25,0.01
1.65,20.00,42.00,1067.00,0.09,0.71,6.29,0.00,0.32,1.09,0.36,3409.00,14.00,44.00,1.08,28.00,17.00,504.00,6.00,4.71,2.82,8.00,442.30,4.25,0.00
1.65,158.00,2.00,261.00,0.37,0.73,2.05,0.00,0.21,0.00,1.81,744.00,0.00,58.00,1.05,25.00,17.00,163.00,5.00,7.08,2.64,1.00,513.50,4.25,0.00
1.65,146.80,5.50,402.00,0.31,1.37,3.46,0.00,0.21,0.88,0.59,2594.00,2.70,39.15,1.96,25.13,17.00,227.00,4.00,6.60,5.86,1.00,454.25,4.25,0.02
1.65,146.80,5.50,402.00,0.26,0.98,3.46,0.02,0.16,1.07,0.18,4780.25,2.70,39.15,1.20,25.13,17.00,227.00,4.00,4.25,3.16,1.00,454.25,4.25,0.00
1.46,338.00,2.50,189.50,0.39,0.58,0.36,0.00,0.21,0.00,1.47,349.00,1.00,35.00,1.08,23.00,17.00,193.00,5.00,7.28,2.60,0.00,439.20,5.75,0.00
2.59,116.00,3.00,255.00,0.31,0.69,1.41,0.00,0.16,0.02,1.13,605.00,1.00,43.00,0.61,18.00,17.00,121.00,4.00,7.04,1.68,0.00,455.30,4.25,0.00
3.09,157.00,3.00,260.00,0.34,0.78,2.29,0.00,0.25,0.02,2.35,727.00,0.00,62.00,1.10,25.00,17.00,176.00,5.00,6.92,2.86,0.00,453.40,2.75,0.00
1.65,558.00,24.50,893.50,0.32,1.59,7.62,0.00,0.14,1.39,0.38,2640.00,12.50,41.50,1.97,36.50,17.00,381.50,6.00,6.38,6.26,4.00,655.75,4.25,0.01
1.65,0.00,32.00,1037.00,0.25,0.83,4.99,0.00,0.12,1.33,0.10,4427.00,0.00,45.00,0.95,38.00,17.00,407.00,6.00,4.22,2.49,9.00,509.50,4.25,0.00
1.65,24.00,35.00,969.00,0.02,0.57,6.49,0.00,0.14,0.95,0.43,2542.00,4.00,20.00,1.02,21.00,17.00,418.00,4.00,4.79,2.21,6.00,362.20,4.25,0.00
1.65,155.00,2.00,272.00,0.35,0.78,2.22,0.00,0.20,0.02,1.82,728.00,2.00,54.00,1.12,24.00,17.00,164.00,4.00,7.16,2.86,0.00,420.00,4.25,0.00
1.65,296.00,27.00,926.00,0.52,1.64,7.56,0.00,0.23,1.28,0.56,2454.00,1.00,62.00,2.13,37.00,17.00,408.00,6.00,6.46,6.27,9.00,770.50,4.25,0.01
1.65,0.00,41.00,1096.00,0.30,0.89,5.49,0.02,0.23,1.45,0.08,4708.00,0.00,46.00,0.99,39.00,17.00,427.00,4.00,4.15,2.66,14.00,651.00,4.25,0.00
1.65,30.00,54.00,1072.00,0.05,0.58,6.31,0.00,0.23,1.02,0.30,2830.00,0.00,44.00,1.06,20.00,17.00,384.00,5.00,4.85,2.21,13.00,584.50,4.25,0.00
1.65,159.00,4.00,262.00,0.34,0.78,2.08,0.00,0.24,0.00,1.87,692.00,3.00,50.00,1.12,23.00,17.00,170.00,5.00,7.04,2.84,0.00,534.00,4.25,0.00
3.04,121.00,3.50,260.00,0.34,0.81,0.50,0.00,5.16,0.04,1.22,574.00,2.00,48.00,0.71,18.00,17.00,163.50,3.00,6.94,1.98,0.00,492.60,4.25,0.00
3.47,160.00,3.00,282.00,0.44,0.88,2.28,0.00,0.25,0.09,1.89,677.00,0.00,43.00,1.22,25.00,17.00,188.00,3.00,6.83,3.13,0.00,438.20,2.75,0.00
1.65,156.00,23.00,957.00,0.44,1.20,7.03,0.00,0.33,1.09,0.63,2682.00,47.00,45.00,1.68,30.00,17.00,298.00,6.00,5.79,4.63,5.00,519.50,4.25,0.06
1.65,0.00,23.00,1095.00,0.37,0.91,4.05,0.00,0.53,1.08,0.22,4710.00,0.00,55.00,0.89,48.00,17.00,415.00,5.00,4.02,2.57,8.00,754.50,4.25,0.01
1.65,23.00,35.00,1044.00,0.06,0.70,5.76,0.00,0.30,1.01,0.41,3108.00,0.00,56.00,1.12,26.00,17.00,360.00,5.00,4.62,2.63,7.00,556.00,4.25,0.01
1.65,159.00,3.00,274.00,0.38,0.80,2.14,0.00,0.22,0.00,1.70,679.00,6.00,58.00,1.14,25.00,17.00,174.00,5.00,6.97,2.89,0.00,535.50,4.25,0.00
1.65,146.80,5.50,402.00,0.45,1.20,3.46,0.00,0.35,0.95,0.64,2682.50,2.70,39.15,1.77,25.13,17.00,227.00,4.00,6.35,4.68,1.00,454.25,4.25,0.06
1.65,370.00,22.00,815.00,0.28,1.26,7.30,0.02,0.21,63.63,0.44,2568.00,9.50,93.50,1.73,31.00,17.00,284.50,7.50,6.18,4.93,4.00,1136.00,4.25,0.01
1.65,0.00,32.00,1008.00,0.33,0.81,4.67,0.00,0.16,1.22,0.08,4261.00,0.00,218.00,0.89,42.00,17.00,425.00,10.00,4.14,2.30,9.00,3977.00,4.25,0.00
1.65,17.00,24.00,769.00,0.02,0.54,5.59,0.00,0.21,0.67,0.89,2051.00,2.00,27.00,0.96,21.00,17.00,362.00,4.00,4.85,2.01,4.00,365.80,4.25,0.01
1.65,154.00,4.00,260.00,0.38,0.81,2.18,0.00,0.23,0.03,1.74,700.00,8.00,109.00,1.16,25.00,17.00,178.00,9.00,6.96,2.92,0.00,1158.00,4.25,0.00
1.24,332.00,2.00,193.50,0.38,0.66,0.28,0.00,0.22,0.00,1.36,340.00,0.00,42.50,0.80,23.00,17.00,203.00,3.50,7.14,2.92,0.00,409.20,5.75,0.00
2.80,117.20,3.00,213.00,0.33,0.81,0.51,0.00,0.15,0.02,1.09,593.00,0.00,58.00,0.72,19.00,17.00,140.00,5.00,6.83,1.97,0.00,509.50,4.25,0.00
1.65,412.00,24.00,734.50,0.37,1.26,4.74,0.02,0.43,1.06,0.61,2071.00,48.50,40.00,1.96,31.50,17.00,295.50,4.00,6.32,4.78,3.50,331.95,4.25,0.01
1.65,0.00,43.00,1050.00,0.37,0.82,5.10,0.00,0.19,1.30,0.08,4369.00,0.00,64.00,0.92,40.00,17.00,370.00,5.00,4.17,2.39,11.00,728.00,4.25,0.00
1.65,20.40,36.00,781.00,0.02,0.50,6.24,0.00,0.23,0.73,0.75,1984.00,16.00,32.00,1.06,19.00,17.00,346.00,4.00,4.93,1.85,5.00,365.00,4.25,0.00
1.65,157.60,4.00,255.00,0.42,0.82,7.25,0.00,0.34,0.02,1.67,667.00,3.00,79.00,1.19,25.00,17.00,199.00,5.00,6.84,2.99,0.00,727.00,4.25,0.00
1.65,0.00,47.00,1164.00,0.37,0.81,3.46,0.00,0.24,1.26,0.10,4418.00,0.00,67.00,0.92,36.00,17.00,352.00,5.00,4.21,2.44,9.00,752.50,4.25,0.00
1.65,27.60,43.00,927.00,0.04,0.48,6.21,0.00,0.24,0.71,0.69,2047.00,29.00,36.00,1.04,18.00,17.00,417.00,4.00,4.88,1.78,5.00,426.90,4.25,0.00
1.65,168.00,3.00,275.00,0.39,0.82,2.17,0.00,0.24,0.02,1.88,655.00,5.00,80.00,1.17,30.00,17.00,202.00,5.00,6.81,2.99,0.00,756.50,4.25,0.00
1.65,231.00,23.00,684.00,0.32,1.23,7.81,0.00,0.26,0.92,0.76,1765.00,50.00,39.00,1.99,32.00,17.00,326.00,4.00,6.44,4.60,3.00,351.30,4.25,0.01
1.65,0.00,46.00,1237.00,0.46,0.84,5.92,0.00,0.18,1.38,0.10,4352.00,0.00,68.00,0.97,37.00,17.00,355.00,6.00,4.22,2.46,10.00,840.50,4.25,0.00
1.65,31.80,49.00,944.00,0.07,0.49,6.87,0.00,0.22,0.76,0.65,2129.00,39.00,52.00,1.08,19.00,17.00,459.00,4.00,4.90,1.83,7.00,554.00,4.25,0.00
1.65,164.20,3.00,228.00,0.41,0.84,2.35,0.00,0.22,0.03,1.79,634.00,15.00,65.00,1.18,26.00,17.00,223.00,4.00,6.75,3.07,0.00,541.50,4.25,0.00
1.65,190.60,23.00,724.00,0.29,1.15,7.41,0.00,0.25,0.97,0.75,1963.00,45.00,43.00,1.90,30.00,17.00,281.00,5.00,6.32,4.39,5.00,387.70,4.25,0.01
1.65,0.00,42.00,1128.50,0.41,0.80,5.50,0.01,0.18,1.21,0.11,4352.50,0.00,61.50,0.93,38.00,17.00,359.50,11.50,4.23,2.36,10.50,906.75,4.25,0.00
1.65,24.00,35.00,830.00,0.07,0.48,6.04,0.00,0.23,0.68,0.91,1958.00,40.00,28.00,1.09,19.00,17.00,360.00,5.00,4.94,1.77,0.00,354.80,4.25,0.00
1.65,167.60,3.00,249.00,0.40,0.83,2.33,0.00,0.23,0.03,1.90,644.00,11.00,66.00,1.18,26.00,17.00,223.00,7.00,6.71,3.02,1.00,570.00,4.25,0.00
2.21,174.20,3.00,171.00,0.39,0.66,0.43,0.00,0.19,0.07,1.44,380.00,4.00,42.00,0.78,23.00,17.00,226.00,5.00,6.98,2.94,0.00,416.00,4.00,0.00
1.88,126.20,3.00,248.00,0.58,1.07,0.59,0.03,0.18,0.25,1.25,548.00,4.00,53.00,0.95,20.00,17.00,188.00,6.00,6.58,2.27,0.00,396.30,4.25,0.00
1.65,146.80,5.50,402.00,0.35,0.69,3.46,0.00,0.20,0.27,1.36,1496.00,2.70,39.15,0.98,25.13,17.00,227.00,4.00,6.35,2.55,1.00,454.25,4.25,0.00
1.65,146.80,5.50,402.00,0.35,0.69,3.46,0.00,0.20,0.27,1.36,2544.00,2.70,39.15,0.98,25.13,17.00,227.00,4.00,6.35,2.55,1.00,454.25,4.25,0.00
1.65,146.80,5.50,402.00,0.35,0.69,3.46,0.00,0.20,0.27,1.36,1262.00,2.70,39.15,0.98,25.13,17.00,227.00,4.00,6.35,2.55,1.00,454.25,4.25,0.00
1.65,146.80,5.50,402.00,0.35,0.69,3.46,0.00,0.20,0.27,1.36,1079.00,2.70,39.15,0.98,25.13,17.00,227.00,4.00,6.35,2.55,1.00,454.25,4.25,0.00
1.65,146.80,5.50,402.00,0.35,0.69,3.46,0.00,0.20,0.27,1.36,1449.00,2.70,39.15,0.98,25.13,17.00,227.00,4.00,6.35,2.55,1.00,454.25,4.25,0.00
1.65,146.80,5.50,402.00,0.35,0.69,3.46,0.00,0.20,0.27,1.36,2516.00,2.70,39.15,0.98,25.13,17.00,227.00,4.00,6.35,2.55,1.00,454.25,4.25,0.00
1.65,146.80,5.50,402.00,0.35,0.69,3.46,0.00,0.20,0.27,1.36,1113.00,2.70,39.15,0.98,25.13,17.00,227.00,4.00,6.35,2.55,1.00,454.25,4.25,0.00
1.65,146.80,5.50,402.00,0.35,0.69,3.46,0.00,0.20,0.27,1.36,2528.00,2.70,39.15,0.98,25.13,17.00,227.00,4.00,4.26,2.55,1.00,454.25,4.25,0.00
1.65,146.80,5.50,402.00,0.35,0.69,3.46,0.00,0.20,0.27,1.36,1506.00,2.70,39.15,0.98,25.13,17.00,227.00,4.00,5.04,2.55,1.00,454.25,4.25,0.00
1.65,146.80,5.50,402.00,0.35,0.69,3.46,0.00,0.20,0.27,1.36,1134.00,2.70,39.15,0.98,25.13,17.00,227.00,4.00,6.36,2.55,1.00,454.25,4.25,0.00
1.65,146.80,5.50,402.00,0.35,0.69,3.46,0.00,0.20,0.27,1.36,2537.00,2.70,39.15,0.98,25.13,17.00,227.00,4.00,4.28,2.55,1.00,454.25,4.25,0.00
1.65,146.80,5.50,402.00,0.35,0.69,3.46,0.00,0.20,0.27,1.36,1542.00,2.70,39.15,0.98,25.13,17.00,227.00,4.00,5.03,2.55,1.00,454.25,4.25,0.00
2.19,121.00,2.57,320.00,0.38,0.75,0.90,0.05,0.19,0.05,1.31,526.00,61.00,55.90,0.67,25.13,2.00,239.00,5.00,6.32,2.22,0.00,495.30,4.25,0.00
1.65,89.20,9.41,496.00,0.00,0.52,4.28,0.00,0.10,0.27,0.84,1177.00,48.00,26.70,1.06,25.13,7.00,188.00,3.00,5.89,2.14,0.00,277.20,4.25,0.00
1.65,0.00,13.33,501.00,0.35,0.69,4.08,0.00,0.20,0.27,1.36,1238.50,1.00,41.90,0.98,25.13,5.00,307.00,3.00,4.27,2.55,0.00,672.50,4.25,0.00
1.65,13.00,6.85,357.00,0.00,0.31,3.38,0.01,0.05,0.17,1.34,1084.00,13.00,24.30,0.65,25.13,0.00,191.00,1.00,4.92,1.10,0.00,242.10,4.25,0.00
1.65,165.80,2.70,267.00,0.39,0.71,2.49,0.01,0.25,0.04,2.06,594.00,45.00,37.00,1.01,25.13,0.00,231.00,2.00,6.61,2.93,0.00,357.10,4.25,0.00
2.97,163.80,3.70,265.00,0.37,0.70,2.47,0.01,0.23,0.03,1.83,603.00,43.00,52.20,0.99,25.13,0.00,225.00,4.00,6.66,2.84,0.00,432.50,3.75,0.00
1.65,125.60,11.82,426.00,0.30,0.60,3.88,0.02,0.09,0.30,1.16,1243.00,18.00,24.90,1.18,25.13,12.00,295.00,4.00,6.14,2.48,0.00,469.80,4.25,0.00
1.65,0.00,16.42,515.00,0.38,0.26,4.34,0.01,0.09,0.36,0.38,2030.00,0.00,47.40,0.61,25.13,20.00,252.00,5.00,4.29,0.70,0.00,683.00,4.25,0.00
1.65,16.80,10.65,449.00,0.00,0.34,3.35,0.01,0.08,0.27,1.65,1168.00,27.00,17.60,0.75,25.13,15.00,238.00,5.00,4.94,1.21,0.00,259.40,4.25,0.00
1.65,162.00,5.19,265.00,0.36,0.69,2.46,0.01,0.27,0.03,2.07,608.00,28.00,60.10,0.97,25.13,0.00,196.00,5.00,6.86,2.77,0.00,547.50,4.25,0.00
1.65,165.40,12.20,463.00,0.35,0.76,3.53,0.00,0.12,0.39,1.24,1282.00,19.00,20.20,1.43,25.60,20.00,258.00,3.00,6.33,3.15,0.00,202.50,4.25,0.00
1.65,0.00,17.70,613.00,0.42,0.28,3.84,0.01,0.13,0.43,0.38,2274.00,0.00,48.40,0.67,27.00,38.00,299.00,5.00,4.25,0.75,0.00,652.60,4.25,0.00
1.65,20.00,13.50,483.00,0.00,0.33,4.94,0.01,0.06,0.28,1.64,1183.00,50.00,17.80,0.71,16.50,25.00,319.00,3.00,5.03,1.22,0.00,337.60,4.25,0.00
1.65,157.00,3.90,250.00,0.37,0.70,2.51,0.00,0.27,0.02,2.13,614.00,8.00,52.70,0.98,25.40,6.00,177.00,4.00,7.13,2.80,0.00,625.60,4.25,0.00
2.09,123.60,3.20,274.00,0.34,0.72,0.93,0.04,0.23,0.03,1.50,530.00,41.00,45.90,0.60,25.13,2.00,161.00,4.00,6.86,2.05,0.00,511.50,4.25,0.00
3.91,166.80,3.41,246.00,0.40,0.75,2.61,0.00,0.28,0.03,2.10,630.00,1.00,54.50,1.07,25.13,1.00,227.00,3.00,7.19,2.79,1.00,587.50,2.50,0.00
1.65,170.80,12.82,515.00,0.35,0.79,4.63,0.00,0.11,0.40,1.11,1428.00,16.00,34.30,1.63,25.20,11.00,220.00,2.00,6.40,3.09,0.00,325.80,4.25,0.00
1.65,0.00,16.68,599.00,0.46,0.31,4.72,0.01,0.10,0.46,0.23,2543.00,0.00,54.40,0.75,28.00,29.00,262.00,4.00,4.29,0.86,0.00,657.00,4.25,0.00
1.65,23.60,15.50,550.00,0.00,0.37,3.83,0.01,0.00,0.33,0.31,1461.00,60.00,31.10,0.84,17.40,26.00,310.00,3.00,5.00,1.03,0.00,360.13,4.25,0.00
1.65,163.00,3.39,258.00,0.42,0.71,2.40,0.00,0.28,0.02,2.08,589.00,0.00,49.00,1.07,25.00,0.00,173.00,4.00,7.17,2.67,0.00,630.50,4.25,0.00
0.85,171.00,1.60,166.00,0.00,0.00,0.64,0.00,0.25,0.00,1.67,339.00,0.00,34.70,0.00,25.13,0.00,227.00,3.00,7.16,0.00,0.00,399.10,5.25,0.00
1.65,229.00,16.50,575.00,0.00,0.00,3.83,0.00,0.10,0.00,0.98,1478.00,13.00,16.70,0.00,32.00,17.00,227.00,3.00,6.50,0.00,0.00,230.90,4.25,0.00
1.65,0.00,18.00,617.00,0.53,0.33,4.94,0.01,0.12,0.48,0.16,2592.00,0.00,34.10,0.86,28.50,55.00,227.00,4.00,4.29,0.90,0.00,570.50,4.25,0.00
1.65,31.60,21.90,673.00,0.00,0.38,3.43,0.01,0.08,0.37,0.97,1642.00,38.00,51.40,0.86,18.00,31.00,227.00,4.00,5.02,1.40,0.00,404.70,4.25,0.00
1.65,165.00,2.30,249.00,0.40,0.71,2.40,0.00,0.27,0.02,2.07,586.00,0.00,57.90,1.08,25.50,0.00,227.00,3.00,7.18,2.68,0.00,554.50,4.25,0.00
2.27,128.40,1.80,257.00,0.00,0.00,0.81,0.00,0.22,0.00,1.54,549.00,14.00,71.70,0.00,25.13,0.00,227.00,6.00,7.11,0.00,0.00,608.00,4.25,0.00
2.62,163.00,2.90,223.00,0.00,0.00,2.56,0.00,0.25,0.00,2.15,658.00,0.00,59.70,0.00,25.13,0.00,227.00,3.00,7.14,0.00,0.00,505.50,3.25,0.00
1.65,277.40,20.32,708.00,0.48,1.08,3.64,0.01,0.24,0.55,0.86,3085.00,19.00,58.90,2.19,36.00,33.00,329.00,5.00,6.61,4.32,0.00,429.40,4.25,0.00
1.65,0.00,19.00,698.00,0.53,0.36,5.56,0.01,0.17,0.56,0.14,2769.00,0.00,58.90,0.93,27.90,67.00,327.00,5.00,4.32,1.09,0.00,502.00,4.25,0.00
1.65,42.00,37.05,973.00,0.00,0.41,3.64,0.01,0.19,0.51,0.91,1823.00,54.00,82.80,0.95,20.00,71.00,465.00,9.00,5.02,1.56,0.00,644.50,4.25,0.00
1.65,168.40,4.03,233.00,0.42,0.69,2.30,0.00,0.25,0.02,2.13,620.00,0.00,117.70,1.10,24.50,3.00,171.00,9.00,7.15,2.66,0.00,1025.50,4.25,0.00
0.82,177.10,2.86,216.50,0.40,0.57,0.66,0.00,0.22,0.00,1.68,370.50,0.00,41.70,0.72,25.13,1.00,208.50,4.00,7.21,2.69,0.00,368.80,5.25,0.00
1.65,305.20,19.15,745.00,0.46,1.25,4.99,0.01,0.16,0.64,0.88,1729.00,34.00,51.50,2.25,38.00,34.00,408.00,7.00,6.49,4.96,0.00,500.50,4.25,0.00
1.65,0.00,17.07,745.00,0.55,0.41,5.54,0.01,0.19,0.62,0.12,2981.00,0.00,54.00,0.97,30.90,68.00,346.00,5.00,4.30,1.24,0.00,452.60,4.25,0.00
1.65,167.60,1.97,237.00,0.40,0.69,2.43,0.00,0.24,0.00,2.09,625.00,0.00,93.98,1.09,24.00,5.00,172.00,4.00,7.06,2.59,0.00,990.50,4.25,0.00
1.94,132.80,1.71,249.00,0.37,0.70,0.63,0.00,0.18,0.00,1.48,549.00,0.00,66.55,0.67,25.13,6.00,135.00,5.00,7.15,1.88,0.00,462.30,4.25,0.00
3.42,165.90,3.20,250.00,0.43,0.71,2.41,0.00,0.23,0.00,1.82,610.00,0.50,62.95,1.11,25.13,0.00,175.00,5.00,7.21,2.70,0.00,564.25,3.75,0.00
1.65,22.60,19.94,721.00,0.00,1.15,4.89,0.00,0.09,0.75,0.50,1983.00,48.00,35.30,1.91,34.90,31.00,324.00,4.00,6.46,4.75,0.00,388.80,4.25,0.00
1.65,0.00,13.41,717.00,0.45,0.41,4.59,0.01,0.16,0.59,0.05,3044.00,0.00,20.10,0.94,33.10,36.00,318.00,5.00,4.20,1.21,0.00,362.60,4.25,0.00
1.65,42.60,28.76,945.00,0.00,0.48,3.64,0.01,0.15,0.65,0.46,2285.00,24.00,48.60,1.07,21.10,49.00,473.00,3.00,4.89,1.79,1.00,472.20,4.25,0.00
1.65,162.30,3.81,270.00,0.43,0.70,2.37,0.00,0.48,0.02,1.91,616.50,1.50,53.80,1.11,25.90,5.50,174.50,4.00,7.29,2.15,0.00,831.25,4.25,0.00
1.00,172.40,1.74,194.00,0.41,0.57,0.63,0.00,0.27,0.00,1.63,349.00,2.00,32.80,0.72,25.13,2.00,200.00,4.00,7.24,2.66,0.00,332.90,6.50,0.00
1.65,222.40,15.67,712.00,0.00,1.04,5.55,0.00,0.10,0.73,0.06,2093.00,37.00,0.00,1.78,32.00,29.00,277.00,3.00,6.34,4.30,0.00,286.40,4.25,0.00
1.65,0.00,12.05,649.00,0.35,0.43,4.39,0.01,0.13,0.60,0.44,3025.00,3.00,24.30,0.90,33.10,25.00,331.00,2.00,4.20,1.25,0.00,274.70,4.25,0.00
1.65,43.00,21.73,834.00,0.00,0.47,4.35,0.01,0.06,0.60,0.38,2112.00,25.00,15.80,1.04,21.00,32.00,421.00,2.00,4.91,1.78,0.00,269.80,4.25,0.00
1.45,128.40,2.51,233.00,0.37,0.69,0.54,0.00,0.18,0.00,1.59,545.00,3.00,43.80,0.65,25.13,2.00,136.00,3.00,7.14,1.85,0.00,407.90,4.25,0.00
1.65,167.80,2.76,240.00,0.42,0.69,2.43,0.00,0.18,0.00,1.46,597.00,1.00,41.80,1.09,25.13,3.00,178.00,2.00,7.13,2.64,1.00,382.80,3.75,0.00
1.65,306.40,26.45,851.00,0.00,1.30,5.42,0.01,0.08,0.96,0.49,2074.00,89.00,57.00,2.07,38.20,37.00,374.00,3.00,6.61,5.46,0.00,723.00,4.25,0.00
1.65,0.00,15.91,732.00,0.39,0.49,4.62,0.01,0.15,0.77,0.08,3512.00,3.00,21.20,0.98,33.90,34.00,367.00,1.00,4.23,1.48,0.00,311.90,4.25,0.00
1.65,46.40,25.87,881.00,0.00,0.52,2.98,0.01,0.14,0.72,0.37,2182.00,8.00,52.20,1.02,19.50,28.00,385.00,2.00,5.00,1.95,0.00,423.30,4.25,0.00
1.65,165.00,2.96,236.00,0.37,0.75,2.29,0.00,0.24,0.00,1.97,607.00,3.00,47.30,1.08,25.50,3.00,177.00,1.00,7.23,2.78,0.00,557.00,4.25,0.00
0.51,175.30,2.61,201.00,0.36,0.61,0.56,0.00,0.19,0.00,1.56,327.00,2.00,28.20,0.69,25.13,5.50,206.00,1.00,7.31,2.79,0.00,260.50,6.50,0.00
1.65,313.20,29.07,908.00,0.00,1.49,5.67,0.01,0.12,1.09,0.45,2174.00,82.00,89.70,1.98,42.00,43.00,176.00,4.00,6.39,5.95,1.00,884.50,4.25,0.00
1.65,0.00,18.30,812.00,0.37,0.57,4.91,0.01,0.14,0.89,0.08,3558.00,2.00,109.90,0.96,35.05,40.00,486.00,5.00,4.23,1.77,0.00,1598.00,4.25,0.00
1.65,48.60,30.69,912.00,0.00,0.57,2.70,0.01,0.21,0.78,0.44,2334.00,3.00,70.10,1.06,20.02,21.00,390.00,5.00,5.05,2.02,0.00,555.50,4.25,0.00
1.65,164.60,5.50,227.00,0.38,0.75,2.33,0.00,0.23,0.00,1.98,609.00,0.00,68.90,1.08,21.11,2.00,445.00,4.00,7.22,2.76,0.00,467.40,4.25,0.00
1.78,168.60,4.32,259.00,0.38,0.74,2.32,0.00,0.33,0.00,1.95,619.00,2.00,57.10,1.06,25.13,2.00,227.00,3.00,7.19,2.77,0.00,344.30,4.00,0.00
1.65,199.60,20.84,771.00,0.00,1.17,5.61,0.01,0.09,1.05,0.37,2428.00,25.00,53.50,1.44,29.30,28.00,280.00,6.00,6.17,4.76,0.00,643.50,4.25,0.00
1.65,0.00,13.31,675.00,0.00,0.48,3.67,0.01,0.09,0.73,0.07,3239.00,0.00,30.30,0.79,36.40,30.00,359.00,4.00,4.15,1.42,0.00,348.10,4.25,0.00
1.65,30.40,14.26,690.00,0.00,0.48,4.43,0.01,0.12,0.52,0.73,1905.00,4.00,47.00,0.77,21.60,27.00,392.00,2.00,4.82,1.74,0.00,233.90,4.25,0.00
1.65,158.80,2.78,248.00,0.37,0.74,2.34,0.00,0.24,0.01,1.91,642.00,0.00,79.60,1.07,25.20,3.00,172.00,3.00,7.14,2.73,1.00,495.60,4.25,0.00
0.86,168.20,2.80,196.00,0.38,0.60,0.61,0.00,0.19,0.00,1.52,387.00,1.00,39.30,0.69,25.13,2.00,187.00,3.00,7.20,2.74,0.00,380.90,5.00,0.00
1.65,378.00,40.82,1153.00,0.36,1.80,6.52,0.01,0.19,1.47,0.43,2508.00,89.00,166.60,2.06,46.50,30.00,508.00,8.00,6.47,7.22,1.00,2312.00,4.25,0.00
1.65,0.00,41.18,1094.00,0.44,0.67,5.71,0.01,0.25,1.32,0.13,4215.00,0.00,57.40,1.04,39.00,39.00,169.00,4.00,4.18,2.05,2.00,540.50,4.25,0.00
1.65,51.20,26.14,952.00,0.00,0.52,3.13,0.01,0.20,0.79,0.35,2121.00,2.00,67.10,1.00,19.90,16.00,342.00,3.00,5.07,2.00,0.00,728.00,4.25,0.00
1.65,166.80,4.28,261.00,0.39,0.74,2.32,0.00,0.23,0.01,1.99,587.00,1.00,52.20,1.09,25.50,1.00,163.00,2.00,7.45,2.75,1.00,654.00,4.25,0.00
0.89,117.00,3.45,289.00,0.32,0.72,0.66,0.00,0.16,0.01,1.24,604.00,1.00,53.80,0.64,25.13,5.00,125.00,2.00,6.97,1.83,1.00,451.70,4.25,0.00
1.65,345.80,30.11,915.00,0.34,1.57,6.82,0.01,0.17,1.19,0.44,1875.00,87.00,86.50,1.93,41.90,33.00,537.00,7.00,6.52,6.17,1.00,954.70,4.25,0.00
1.65,0.00,52.82,1167.00,0.46,0.67,5.47,0.02,0.22,1.37,0.09,4538.00,0.00,56.90,0.94,39.70,66.00,355.00,5.00,4.09,2.01,2.00,612.00,4.25,0.00
1.65,45.20,21.47,808.00,0.00,0.53,3.66,0.01,0.12,0.81,0.33,2157.00,2.00,45.80,0.93,19.20,16.00,381.00,4.00,5.05,1.92,0.00,658.00,4.25,0.00
1.65,162.20,2.78,252.00,0.38,0.74,2.33,0.00,0.22,0.00,1.94,611.00,1.00,51.40,1.11,24.60,2.00,161.00,4.00,7.18,2.70,0.00,498.00,4.25,0.00
1.03,169.20,2.30,212.00,0.39,0.60,0.56,0.00,0.21,0.00,1.52,376.00,3.00,33.70,0.71,25.13,9.00,185.00,2.00,7.30,2.73,0.00,365.80,6.25,0.00
1.65,56.80,24.36,821.00,0.00,0.54,3.56,0.01,0.10,0.83,0.33,2221.00,1.00,79.00,0.96,19.50,15.00,359.00,5.00,5.13,2.04,0.00,965.50,4.25,0.00
1.65,169.60,3.50,264.00,0.39,0.75,2.34,0.00,0.23,0.00,1.96,605.00,1.00,60.00,1.10,25.60,3.00,170.00,3.00,7.18,2.76,1.00,609.00,4.25,0.00
1.26,122.00,2.48,267.00,0.34,0.73,0.65,0.00,0.17,0.00,1.25,592.00,2.00,45.00,0.64,25.13,4.50,121.50,3.00,7.04,1.88,0.00,459.35,4.25,0.00
1.25,167.60,3.73,266.00,0.40,0.75,2.33,0.00,0.25,0.00,1.92,625.00,1.00,49.10,1.10,25.13,3.00,174.00,2.00,7.14,2.82,1.00,387.05,4.25,0.00
1.65,168.00,2.61,286.00,0.40,0.74,2.29,0.00,0.24,0.00,1.97,639.00,2.00,47.60,1.10,25.30,6.00,164.00,3.00,7.36,2.77,0.00,469.90,4.25,0.00
1.00,173.00,2.53,212.00,0.38,0.61,0.54,0.00,0.19,0.00,1.57,365.00,0.00,30.80,0.71,25.13,2.00,188.00,3.00,7.25,2.78,1.00,366.00,5.75,0.00
1.96,170.00,2.53,253.00,0.40,0.72,2.27,0.00,0.24,0.02,1.88,578.00,1.00,47.30,1.13,25.13,0.00,174.00,3.00,7.19,2.66,1.00,320.70,4.00,0.00
1.55,177.40,1.87,190.00,0.39,0.62,0.49,0.00,0.21,0.00,1.61,379.50,0.00,47.05,0.73,25.13,0.00,190.00,2.50,7.30,2.81,0.00,416.10,6.75,0.00
2.01,127.40,3.10,273.00,0.34,0.74,0.51,0.00,0.20,0.00,1.28,644.00,0.00,414.20,0.65,25.13,3.00,146.00,3.00,7.07,1.94,0.00,464.10,4.25,0.00
2.43,176.40,2.70,249.50,0.41,0.75,2.21,0.00,0.23,0.00,1.98,642.00,2.00,35.35,1.10,25.13,0.00,181.00,3.50,7.15,2.78,0.00,334.35,3.25,0.00
1.65,195.80,16.89,672.00,0.36,1.08,6.18,0.00,0.26,0.58,2.53,1693.00,14.00,16.00,1.83,33.00,6.00,301.00,4.00,6.22,4.05,0.00,303.60,4.25,0.00
1.65,0.00,51.02,1380.00,0.31,0.88,4.84,0.02,0.20,1.06,0.48,5359.00,2.00,84.80,0.95,47.00,34.00,452.00,8.00,4.07,2.59,0.00,1208.00,4.25,0.00
1.65,43.60,39.42,991.00,0.00,0.72,6.56,0.00,0.48,0.89,1.56,2593.00,2.00,41.80,1.06,26.50,25.00,477.00,5.00,4.84,2.49,0.00,511.00,4.25,0.00
1.65,173.60,3.10,258.00,0.41,0.76,2.26,0.00,0.24,0.02,1.98,613.00,1.00,57.20,1.11,25.50,5.00,187.00,3.00,7.07,2.78,0.00,614.00,4.25,0.00
1.55,174.20,2.42,197.00,0.38,0.59,0.43,0.00,0.19,0.00,1.54,361.00,2.00,28.90,0.71,25.13,4.00,69.00,4.00,7.27,2.73,0.00,433.80,4.50,0.00
1.65,119.40,16.37,788.00,0.34,0.86,5.74,0.01,0.24,0.69,1.52,2241.00,12.00,29.10,1.39,27.60,10.00,293.00,5.00,5.59,3.46,0.00,302.80,4.25,0.00
1.65,0.00,33.47,1099.00,0.53,0.75,3.40,0.01,0.21,0.93,0.26,4456.00,1.00,63.00,0.80,46.00,19.00,425.00,4.00,4.06,2.17,0.00,710.50,4.25,0.00
1.65,165.20,3.17,258.00,0.39,0.74,2.20,0.00,0.23,0.00,1.93,594.00,2.00,64.90,1.10,25.00,3.00,180.00,4.00,7.17,2.74,0.00,540.50,4.25,0.00
3.44,127.20,3.51,266.00,0.32,0.72,0.44,0.00,0.16,0.00,1.25,592.00,2.00,50.40,0.63,25.13,5.00,141.00,4.00,7.03,1.88,0.00,487.60,4.25,0.00
3.55,168.80,2.65,246.00,0.40,0.74,2.23,0.00,0.25,0.00,1.96,616.00,1.00,34.60,1.09,25.13,6.00,186.00,3.00,6.99,2.76,0.00,356.30,3.50,0.00
1.65,131.80,14.25,718.00,0.32,0.84,6.13,0.00,0.29,0.72,1.06,2037.00,29.00,24.10,1.32,25.00,7.00,281.00,5.00,5.86,3.35,0.00,322.40,4.25,0.00
1.65,0.00,37.11,1191.00,0.52,0.69,3.93,0.00,0.22,1.07,0.15,4492.00,1.00,69.20,0.76,41.00,23.00,398.00,6.00,4.09,2.02,0.00,940.50,4.25,0.00
1.65,14.60,13.58,628.00,0.00,0.47,5.19,0.00,0.29,0.47,1.47,1758.00,4.00,27.80,0.81,20.30,10.00,288.00,3.00,4.78,1.66,0.00,264.90,4.25,0.00
1.65,165.00,2.91,271.00,0.37,0.71,2.27,0.00,0.24,0.01,1.91,598.00,3.00,51.80,1.00,24.00,2.00,196.00,4.00,6.92,2.63,0.00,568.50,4.25,0.00
2.28,172.10,1.94,205.50,0.35,0.57,0.42,0.00,0.19,0.00,1.55,366.50,0.00,30.55,0.64,25.13,0.00,201.50,3.00,7.18,2.62,0.00,398.80,5.00,0.00
1.65,165.60,11.74,610.00,0.00,0.87,6.83,0.00,0.23,0.66,0.98,1970.00,6.00,0.00,1.43,26.60,24.00,260.00,2.00,6.13,3.43,0.00,213.90,4.25,0.00
1.65,0.00,47.54,1312.00,0.56,0.70,4.70,0.00,0.23,1.16,0.15,4444.00,0.00,5739.00,0.79,38.00,113.00,395.00,5.00,4.19,2.14,0.00,990.00,4.25,0.00
1.65,20.40,15.01,608.00,0.00,0.42,5.54,0.00,0.22,0.48,1.29,1697.00,3.00,0.00,0.81,19.50,27.00,367.00,2.00,4.82,1.46,0.00,313.00,4.25,0.00
3.32,122.50,2.58,289.50,0.32,0.69,0.50,0.00,0.17,0.00,1.31,596.00,0.50,39.70,0.59,25.13,10.50,153.50,5.00,6.77,1.80,0.00,511.60,4.25,0.00
3.29,170.40,2.42,269.00,0.40,0.71,2.24,0.00,0.27,0.02,1.97,670.00,0.00,38.40,1.00,25.13,1.00,203.00,3.00,6.84,2.65,0.00,513.00,4.25,0.00
1.65,190.70,13.51,548.00,0.00,0.93,7.11,0.00,0.18,0.64,1.03,1618.00,10.00,0.00,1.56,29.00,6.00,315.00,2.00,6.27,3.58,0.00,191.15,4.25,0.00
1.65,0.00,67.20,1502.00,0.55,0.71,5.06,0.00,0.24,1.26,0.13,4687.00,1.00,66.70,0.83,38.90,153.00,372.00,6.00,4.23,2.18,0.00,1103.50,4.25,0.00
1.65,22.80,20.99,662.00,0.00,0.44,5.86,0.00,0.23,0.57,1.13,1801.00,9.00,17.60,0.86,19.60,15.00,379.00,3.00,4.89,1.55,1.00,355.90,4.25,0.00
1.65,347.80,3.18,263.00,0.37,0.70,2.39,0.00,0.23,0.01,1.98,657.00,1.00,34.60,0.98,26.50,0.00,202.00,4.00,6.90,2.63,0.00,526.50,4.25,0.00
1.65,0.00,87.03,1733.00,0.59,0.73,5.31,0.01,0.26,1.31,0.13,5251.00,3.00,185.70,0.82,36.60,226.00,428.00,15.00,4.14,2.32,0.00,3431.00,4.25,0.00
1.65,28.40,27.13,757.00,0.00,0.45,6.16,0.00,0.36,0.62,0.84,1967.00,23.00,20.80,0.87,19.80,20.00,374.00,4.00,4.89,1.62,0.00,457.60,4.25,0.00
1.65,168.30,2.90,252.50,0.38,0.71,2.31,0.00,0.25,0.01,1.99,610.00,3.50,39.35,0.99,25.25,3.50,192.00,3.50,6.92,2.65,0.00,556.25,4.25,0.00
1.65,123.60,12.00,402.00,0.42,0.66,4.42,0.00,0.17,0.31,1.24,1271.00,22.00,21.20,1.34,22.90,17.00,227.00,3.00,6.01,2.52,0.00,244.70,4.25,0.00
1.65,0.00,25.80,402.00,0.83,0.28,3.41,0.02,0.11,0.41,0.26,2317.00,0.00,85.90,0.57,29.50,17.00,227.00,10.00,4.23,0.82,0.00,1029.00,4.25,0.00
1.65,20.80,10.90,402.00,0.38,0.39,3.47,0.00,0.26,0.25,1.77,1197.00,28.00,28.20,0.87,18.30,17.00,285.00,4.00,4.99,2.37,0.00,325.40,4.25,0.00
1.65,155.60,2.70,402.00,0.43,0.70,2.56,0.00,0.24,0.03,1.79,600.00,42.00,43.00,1.10,25.80,17.00,227.00,4.00,6.69,2.64,1.00,399.60,4.25,0.00
1.06,174.80,1.92,185.00,0.42,0.59,0.63,0.00,0.19,0.02,1.43,325.00,5.00,41.60,0.75,25.13,17.00,213.00,4.00,6.93,2.73,2.00,402.50,6.00,0.00
1.65,148.60,5.50,452.00,0.42,0.81,4.70,0.00,0.14,0.36,1.40,669.00,2.70,12.00,1.63,24.70,17.00,235.00,2.00,6.34,2.91,0.00,175.10,4.25,0.00
1.65,0.00,5.50,977.00,0.80,0.33,4.49,0.00,0.13,0.59,0.32,1306.00,2.70,104.50,0.72,29.60,17.00,263.00,1.00,4.32,0.96,0.00,1042.50,4.25,0.00
1.65,20.00,5.50,537.00,0.26,0.42,3.71,0.00,0.21,0.26,1.75,591.00,2.70,18.90,0.92,18.60,17.00,294.00,4.00,5.06,1.35,2.00,296.90,4.25,0.00
3.92,165.00,5.50,264.00,0.41,0.76,2.49,0.00,0.25,0.03,1.80,584.00,2.70,51.70,1.13,25.13,17.00,190.00,5.00,6.89,2.83,2.00,488.50,4.25,0.00
1.65,116.20,8.88,486.00,0.38,0.71,4.12,0.00,0.13,0.30,1.01,1481.00,12.00,11.40,1.29,23.40,2.00,209.00,2.00,6.08,2.75,0.00,184.10,4.25,0.00
1.65,0.00,15.70,624.00,0.74,0.33,3.61,0.02,0.13,0.45,0.25,2417.00,0.00,66.20,0.68,28.80,14.00,270.00,7.00,4.27,0.94,1.00,565.50,4.25,0.00
1.65,23.80,7.17,415.00,0.16,0.41,3.18,0.00,0.13,0.23,1.43,1301.00,10.00,15.10,0.77,17.90,3.00,221.00,3.00,4.99,1.33,1.00,210.80,4.25,0.00
1.65,162.20,2.90,281.00,0.42,0.74,2.34,0.00,0.25,0.03,1.79,610.00,17.00,56.10,1.13,24.70,3.00,159.00,5.00,7.08,2.78,1.00,480.70,4.25,0.00
1.71,118.00,3.11,283.00,0.33,0.73,0.73,0.00,0.20,0.00,1.20,542.00,24.00,60.50,0.67,25.13,6.00,131.00,5.00,7.12,1.91,1.00,423.30,4.25,0.00
0.59,171.30,1.40,212.50,0.38,0.62,0.64,0.00,0.21,0.00,1.44,330.50,0.00,46.65,0.74,25.13,4.00,191.50,5.00,7.37,2.83,1.00,375.95,6.50,0.00
1.65,162.80,8.81,541.00,0.40,0.86,4.22,0.00,0.15,0.42,0.98,1577.00,6.00,26.10,1.59,26.70,17.00,208.00,2.00,6.18,3.39,1.00,233.60,4.25,0.00
1.65,0.00,18.12,765.50,0.74,0.33,4.32,0.00,0.12,0.51,0.22,2635.00,0.00,47.80,0.80,30.20,126.00,230.50,7.50,4.26,0.97,2.00,608.75,4.25,0.00
1.65,17.60,8.62,424.00,0.11,0.42,3.30,0.00,0.10,0.26,1.29,1471.00,14.00,23.60,0.81,18.00,22.00,234.00,3.00,4.97,1.42,1.00,292.30,4.25,0.00
1.94,160.00,2.33,264.00,0.39,0.74,2.44,0.00,0.25,0.00,1.75,618.00,1.00,48.50,1.13,25.13,11.00,161.00,5.00,7.14,2.74,1.00,477.80,2.50,0.00
1.42,121.40,2.33,230.00,0.32,0.72,0.60,0.00,0.19,0.00,1.17,558.00,1.00,48.90,0.66,25.13,8.00,122.00,4.00,7.23,1.89,0.00,478.20,4.25,0.00
1.65,169.40,8.78,529.00,0.30,0.91,5.22,0.00,0.10,0.49,0.93,1672.00,13.00,11.30,1.69,26.00,17.00,263.00,3.00,6.33,3.51,1.00,206.80,4.25,0.00
1.65,0.00,15.93,726.00,0.72,0.37,4.72,0.00,0.11,0.56,0.17,1455.00,0.00,24.40,0.87,30.20,110.00,304.00,4.00,4.40,1.11,0.00,382.80,4.25,0.00
1.65,27.00,5.57,454.50,0.08,0.44,3.98,0.00,0.10,0.35,1.20,1112.50,19.00,0.00,0.87,17.85,17.50,327.50,2.50,5.05,1.50,1.00,189.85,4.25,0.00
1.65,161.20,0.16,246.00,0.38,0.73,2.41,0.00,0.23,0.00,1.74,603.00,0.00,57.70,1.11,23.90,7.00,162.00,4.00,7.19,2.71,0.00,482.90,4.25,0.00
0.76,177.20,2.89,218.00,0.38,0.62,0.58,0.00,0.22,0.00,1.43,365.00,0.00,29.40,0.75,25.13,1.00,186.00,4.00,7.39,2.83,0.00,322.60,4.25,0.00
1.65,240.15,12.34,541.50,0.37,1.14,5.30,0.00,0.13,0.52,0.92,1556.00,22.00,67.00,1.95,32.13,17.50,316.00,3.50,6.53,4.25,1.00,294.55,4.25,0.00
1.65,0.00,19.97,887.00,0.79,0.44,5.22,0.00,0.12,0.63,0.11,3006.00,3.00,39.15,0.95,30.75,164.00,297.00,4.00,4.35,1.34,0.00,450.70,4.25,0.00
1.65,27.40,9.37,582.00,0.12,0.46,3.93,0.00,0.07,0.42,0.81,1660.00,18.00,39.15,0.90,18.25,20.00,435.00,3.00,5.07,1.66,1.00,334.60,4.25,0.00
1.65,157.60,2.19,236.00,0.42,0.77,2.36,0.00,0.24,0.04,1.76,608.00,0.00,39.15,1.14,24.50,16.00,156.00,3.00,7.22,2.76,0.00,481.50,4.25,0.00
0.98,160.60,2.73,241.00,0.41,0.75,0.41,0.00,0.24,0.00,1.77,600.00,5.00,39.15,1.13,25.13,12.00,164.00,4.00,7.12,2.76,1.00,426.60,4.00,0.00
1.47,120.80,2.96,243.00,0.35,0.73,0.56,0.00,0.20,0.00,1.15,521.00,1.00,34.20,0.67,25.13,9.00,118.00,3.00,6.80,1.89,1.00,415.30,4.25,0.00
1.65,257.00,15.26,731.00,0.25,1.21,5.32,0.00,0.11,0.65,0.71,1850.00,24.00,11.90,1.98,33.50,17.00,340.00,3.00,6.43,4.66,2.00,282.50,4.25,0.00
1.65,0.00,17.61,944.00,0.78,0.49,5.11,0.02,0.12,0.65,0.08,3403.50,0.00,26.80,0.99,32.05,117.00,312.00,3.50,4.30,1.46,2.00,391.65,4.25,0.00
1.65,43.80,9.83,651.00,0.11,0.50,2.63,0.00,0.12,0.53,0.54,1854.00,2.00,23.70,0.95,19.00,15.00,445.00,3.00,5.07,1.78,2.00,303.40,4.25,0.00
1.65,160.20,2.78,264.00,0.42,0.74,2.36,0.00,0.24,0.00,1.75,602.00,0.00,44.20,1.12,24.40,10.00,166.00,5.00,7.17,2.75,2.00,458.60,4.25,0.00
0.87,171.00,2.03,152.00,0.40,0.63,0.54,0.00,0.21,0.00,1.44,339.00,0.00,30.50,0.75,25.13,16.00,183.00,3.00,7.37,2.89,1.00,363.40,5.25,0.00
1.65,50.80,12.73,571.00,0.12,0.49,2.41,0.00,0.15,0.49,0.59,1759.00,1.00,81.60,0.96,17.50,16.00,345.00,7.00,5.23,1.73,0.00,691.00,4.25,0.00
1.65,160.60,1.41,230.00,0.41,0.74,2.59,0.00,0.26,0.00,1.76,624.00,0.00,43.40,1.13,24.75,13.00,156.00,2.00,7.28,2.72,0.00,533.50,4.25,0.00
1.50,161.80,3.50,250.00,0.41,0.75,2.35,0.00,0.25,0.00,1.77,618.00,0.00,33.30,1.18,25.13,17.00,160.00,2.00,7.25,2.80,0.00,407.90,4.25,0.00
1.65,255.80,24.71,664.00,0.30,1.28,5.68,0.00,0.15,0.86,0.53,1975.00,54.00,33.60,1.92,34.30,37.00,325.00,5.00,6.41,5.06,1.00,333.60,4.25,0.00
1.65,0.00,14.96,719.00,0.65,0.54,4.82,0.02,0.11,0.71,0.05,3551.50,0.00,27.10,0.99,35.10,64.00,315.00,4.50,4.26,1.64,3.00,314.45,4.25,0.00
1.65,20.20,9.36,542.00,0.07,0.49,4.16,0.00,0.14,0.58,0.45,1998.00,0.00,27.40,0.93,18.20,14.00,413.00,4.00,4.95,1.83,0.00,314.70,4.25,0.00
1.65,157.40,1.77,237.00,0.41,0.74,2.33,0.00,0.25,0.00,1.74,619.00,1.00,90.30,1.14,24.50,4.00,152.00,4.00,7.26,2.79,1.00,737.00,4.25,0.00
0.89,198.00,2.84,176.00,0.39,0.62,0.49,0.00,0.20,0.00,1.43,335.00,0.00,40.50,0.74,25.13,14.00,177.00,5.00,7.42,2.85,3.00,492.10,4.25,0.00
1.65,370.55,12.37,775.00,0.29,1.26,6.15,0.03,0.15,0.92,0.51,1939.50,38.00,56.50,1.89,38.25,23.50,451.50,7.00,6.31,5.35,0.00,768.00,4.25,0.00
1.65,15.00,21.36,896.00,0.68,0.56,5.08,0.02,0.15,0.81,0.06,3806.00,0.00,32.60,1.07,36.00,59.00,325.00,5.00,4.24,1.84,0.00,305.40,4.25,0.00
1.65,100.00,10.65,631.00,0.04,0.47,4.29,0.00,0.14,0.61,0.40,1915.00,3.00,18.80,0.91,19.30,0.00,479.00,3.00,5.04,1.87,0.00,275.10,4.25,0.00
1.65,194.00,2.85,265.00,0.37,0.71,2.31,0.00,0.24,0.00,1.74,616.00,1.00,56.40,1.09,24.50,0.00,151.00,3.00,7.32,2.81,0.00,481.30,4.25,0.00
1.94,192.00,1.06,249.00,0.40,0.71,2.31,0.00,0.26,0.00,1.75,612.00,1.00,55.80,1.09,25.13,7.00,159.00,4.50,7.20,2.84,0.00,461.05,4.25,0.00
1.12,165.00,1.53,257.50,0.34,0.70,0.52,0.00,0.21,0.00,1.15,527.00,0.00,37.40,0.65,25.13,6.00,133.50,3.00,7.17,1.99,0.00,449.15,4.25,0.00
1.65,209.50,2.04,256.50,0.39,0.69,1.16,0.00,0.25,0.00,1.76,605.00,0.00,46.15,1.09,0.81,8.50,169.00,3.50,7.28,2.86,0.00,494.10,4.25,0.00
0.80,179.80,1.54,216.00,0.38,0.57,0.46,0.00,0.18,0.00,1.47,335.50,0.00,104.65,0.73,25.13,19.00,190.50,4.00,7.39,2.99,0.00,952.90,4.25,0.00
1.82,196.00,1.11,275.00,0.41,0.77,2.30,0.00,0.23,0.00,1.90,587.00,0.00,64.30,1.15,25.13,25.00,160.00,4.00,7.21,2.81,1.00,504.00,4.25,0.00
1.04,173.00,2.69,238.00,0.34,0.75,0.51,0.00,0.17,0.00,1.17,512.00,0.00,41.90,0.69,25.13,28.00,129.00,3.00,7.08,1.95,1.00,403.20,4.25,0.00
1.68,174.00,2.49,267.00,0.41,0.77,0.09,0.00,0.24,0.00,1.85,589.00,1.00,54.50,1.14,25.13,36.00,162.00,3.00,7.28,2.85,2.00,497.00,4.25,0.00
1.06,132.00,2.49,258.00,0.37,0.76,0.50,0.00,0.22,0.00,1.22,514.00,2.00,42.70,0.73,25.13,34.00,127.00,3.00,7.16,1.96,0.00,436.10,4.25,0.00
0.97,181.00,1.55,205.00,0.40,0.63,0.41,0.00,0.20,0.00,1.46,341.00,0.00,56.40,0.77,25.13,12.50,188.50,3.50,7.35,2.91,5.00,542.50,4.25,0.00
2.49,171.20,1.83,233.00,0.41,0.77,3.19,0.00,0.23,0.00,1.84,601.00,11.00,58.90,1.14,25.13,0.00,167.00,3.00,7.20,2.84,0.00,492.90,4.00,0.00
1.32,138.00,1.30,251.00,0.34,0.76,0.49,0.00,0.16,0.00,1.21,519.00,6.00,47.30,0.69,25.13,12.00,141.00,2.00,7.21,1.98,0.00,458.20,4.25,0.00
1.35,184.00,2.20,195.00,0.39,0.63,0.37,0.00,0.20,0.00,1.49,338.00,5.00,44.80,0.78,25.13,8.00,204.00,4.00,7.35,2.89,0.00,498.90,4.25,0.00
2.81,171.50,3.00,235.50,0.41,0.77,2.21,0.00,0.23,0.00,1.85,570.00,1.50,47.15,1.15,25.13,20.50,183.50,3.50,7.07,2.84,0.00,428.50,4.25,0.00
1.65,95.00,16.42,811.00,0.25,1.35,5.83,0.02,0.40,0.53,8.38,2168.00,10.00,31.00,1.79,43.10,33.00,291.00,6.00,5.53,5.06,8.00,300.70,4.25,0.00
1.65,0.00,14.30,468.00,0.49,1.18,4.09,0.03,0.26,0.74,3.61,4830.00,0.00,75.30,1.11,60.00,56.00,445.00,8.00,4.02,3.27,1.00,644.50,4.25,0.00
1.65,10.00,12.37,808.00,0.36,0.88,4.51,0.02,0.49,0.45,3.58,2590.00,1.00,63.30,1.04,35.60,42.00,470.00,8.00,4.62,2.96,1.00,517.00,4.25,0.00
4.59,113.00,2.51,261.00,0.35,0.76,0.52,0.00,0.16,0.00,1.18,593.00,2.00,54.50,0.67,25.13,20.00,136.00,4.00,6.84,1.96,1.00,562.50,4.25,0.00
1.65,81.00,9.07,528.00,0.19,0.84,5.04,0.01,0.27,0.51,2.90,2100.00,11.00,24.80,1.36,27.50,66.00,236.00,4.00,5.50,3.28,7.00,179.80,4.25,0.00
1.65,0.00,9.58,639.00,0.38,0.88,3.59,0.02,0.23,0.60,3.15,3937.00,0.00,37.10,1.01,161.00,80.00,375.00,3.00,4.09,2.49,2.00,300.90,4.25,0.00
1.65,13.00,4.83,706.00,0.17,0.50,4.03,0.00,0.26,0.31,1.72,1583.00,1.00,22.95,0.81,22.80,62.00,321.50,2.50,4.73,1.65,2.00,170.85,4.25,0.00
1.65,166.00,1.98,426.00,0.39,0.75,2.15,0.00,0.21,0.00,1.90,580.00,0.00,62.50,1.11,25.00,52.00,194.00,5.00,6.96,2.78,4.00,458.80,4.25,0.00
3.46,169.00,1.46,255.00,0.39,0.76,2.23,0.00,0.23,0.00,1.90,591.00,0.00,61.90,1.10,25.13,52.00,190.00,5.00,6.95,2.79,4.00,489.50,4.25,0.00
5.53,118.00,3.50,263.00,0.33,0.74,0.46,0.00,0.15,0.02,1.25,575.00,0.00,71.20,0.67,25.13,1.00,480.00,5.00,6.80,1.94,4.00,677.50,4.25,0.00
1.65,89.00,8.80,524.00,0.17,0.77,5.65,0.00,0.25,0.44,2.90,1770.00,7.00,0.00,1.42,26.40,3.00,247.00,1.00,5.67,3.03,5.00,420.10,4.25,0.00
1.65,0.00,9.80,731.00,0.34,0.82,4.18,0.02,0.23,0.58,2.67,3550.00,3.00,15.00,1.01,44.20,14.00,341.00,4.00,4.16,2.32,1.00,250.00,4.25,0.00
1.65,17.50,6.10,418.00,0.09,0.45,4.62,0.00,0.30,0.32,1.88,1477.00,6.50,5.95,0.91,20.75,5.00,312.00,3.50,4.85,1.55,1.00,141.65,4.25,0.00
1.65,0.00,8.70,662.00,0.34,0.67,4.24,0.02,0.24,0.54,1.71,3255.00,3.00,25.30,0.96,39.40,48.00,326.00,2.00,4.20,1.92,2.00,211.30,4.25,0.00
1.65,29.00,5.80,384.00,0.10,0.43,4.27,0.00,0.31,0.30,1.72,1352.00,1.00,0.00,0.88,19.20,37.00,304.00,1.00,4.96,1.45,2.00,118.30,4.25,0.00
2.82,138.00,1.50,210.00,0.38,0.62,0.41,0.00,0.17,0.00,1.44,421.00,0.00,52.40,0.74,25.13,32.00,211.00,4.00,7.07,2.82,3.00,561.50,4.25,0.00
3.16,170.00,3.40,252.00,0.39,0.76,2.32,0.00,0.23,0.00,1.92,586.00,8.00,58.60,1.12,25.13,39.00,218.00,4.00,6.72,2.81,5.00,420.90,3.25,0.00
1.65,79.00,8.60,409.00,0.14,0.65,5.58,0.00,0.29,0.40,2.20,1472.00,5.00,0.00,1.34,22.40,15.00,217.00,2.00,5.71,2.49,8.00,117.80,4.25,0.00
1.65,0.00,10.00,621.00,0.34,0.63,4.80,0.01,0.22,0.53,1.32,3144.00,1.00,14.20,0.95,36.70,22.00,293.00,3.00,4.23,1.83,4.00,224.70,4.25,0.00
1.65,20.00,6.20,339.00,0.10,0.40,4.56,0.00,0.33,0.27,1.68,1286.00,4.00,0.00,0.87,18.50,17.00,282.00,2.00,4.94,1.35,5.00,125.80,4.25,0.00
1.65,163.50,3.90,246.50,0.39,0.75,2.21,0.00,0.24,0.00,1.87,587.50,13.00,43.85,1.10,25.15,14.00,224.50,5.50,6.65,2.77,9.50,467.35,4.25,0.00
1.65,72.00,7.70,411.00,0.16,0.61,5.10,0.00,0.30,0.37,1.98,1472.00,2.00,0.00,1.26,21.10,30.00,204.00,4.00,5.68,2.32,7.00,117.80,4.25,0.00
1.65,0.00,8.40,554.00,0.34,0.53,4.42,0.00,0.22,0.47,1.12,1449.00,0.00,21.00,0.89,33.70,43.00,272.00,4.00,4.25,1.51,4.00,221.10,4.25,0.00
1.65,15.00,5.20,323.00,0.11,0.38,4.06,0.00,0.29,0.24,1.62,1237.00,0.00,0.00,0.85,17.90,32.00,236.00,4.00,4.29,1.27,4.00,115.20,4.25,0.00
2.25,182.00,3.40,206.00,0.38,0.63,0.65,0.20,0.19,0.03,1.41,345.00,0.00,43.20,0.72,25.13,28.00,270.00,4.00,6.74,2.90,4.00,480.30,4.25,0.00
3.58,128.00,3.30,279.00,0.34,0.76,0.72,0.00,0.19,0.03,1.26,541.00,1.00,60.40,0.66,25.13,17.00,228.00,4.00,6.52,2.08,4.00,555.00,4.25,0.00
3.04,169.00,3.90,271.00,0.38,0.75,2.53,0.01,0.24,0.05,1.90,555.00,34.00,46.70,1.11,25.13,30.00,250.00,4.00,6.60,2.81,7.00,393.90,4.25,0.00
1.65,75.00,8.30,437.00,0.20,0.65,5.57,0.00,0.36,0.40,2.20,1449.00,8.00,16.80,1.48,22.60,43.00,224.00,4.00,5.84,2.58,6.00,257.60,4.25,0.00
1.65,20.00,5.50,385.00,0.13,0.38,4.44,0.00,0.34,0.28,1.59,1229.00,7.00,0.00,0.92,18.00,42.00,274.00,4.00,5.00,1.31,5.00,131.40,4.25,0.00
1.65,164.00,4.30,289.00,0.42,0.75,2.37,0.00,0.24,0.04,1.90,574.00,33.00,36.10,1.14,25.60,38.00,262.00,4.00,6.60,2.85,7.00,432.10,4.25,0.00
0.98,160.60,1.30,284.91,0.41,0.81,2.57,0.00,0.24,0.03,2.04,554.00,68.40,32.00,1.02,25.13,2.85,281.00,4.00,6.47,2.72,0.60,308.00,4.13,0.00
1.65,105.60,5.00,422.03,0.41,0.66,4.51,0.00,0.24,0.26,1.71,1176.00,29.90,22.00,1.19,28.10,10.24,226.00,2.00,5.99,2.19,1.80,174.00,4.25,0.00
1.65,0.00,8.20,500.10,0.53,0.26,4.26,0.00,0.14,0.29,0.68,2130.00,2.00,37.00,0.65,16.10,13.46,259.00,4.00,4.27,0.78,3.50,451.00,4.25,0.00
1.65,24.60,4.30,361.70,0.23,0.37,3.43,0.00,0.18,0.22,1.73,974.00,39.50,15.00,0.65,21.50,17.42,248.00,3.00,5.20,1.05,2.10,181.00,4.25,0.00
1.51,171.80,1.10,220.23,0.36,0.65,0.89,0.11,0.19,0.00,1.58,310.00,53.20,40.00,0.65,25.13,12.52,291.00,6.00,6.64,2.74,2.50,353.00,5.50,0.00
1.65,95.00,6.60,577.00,0.44,0.64,4.67,0.00,0.24,0.27,1.82,1220.00,23.60,14.00,1.37,23.50,27.78,248.00,3.00,4.34,2.37,2.90,150.00,4.25,0.00
1.65,0.00,10.10,692.98,0.50,0.27,4.58,0.00,0.15,0.40,0.73,2129.00,0.50,55.00,0.73,26.00,40.55,278.00,7.00,5.10,0.74,4.80,450.00,4.25,0.00
1.65,156.90,2.30,375.50,0.36,0.69,2.52,0.00,0.29,0.03,2.05,554.50,51.75,43.50,1.03,24.75,25.79,240.50,4.00,6.67,2.52,2.65,353.50,4.25,0.00
1.65,140.60,8.70,449.84,0.43,0.67,4.69,0.00,0.18,0.20,1.95,1240.00,7.60,23.00,1.55,25.13,20.57,212.00,2.00,6.27,2.51,2.70,155.00,4.25,0.00
1.65,0.00,13.10,577.40,0.47,0.30,5.04,0.00,0.15,0.45,0.71,2156.00,0.00,47.00,0.79,26.50,61.25,265.00,6.00,4.37,0.83,6.00,450.00,4.25,0.00
1.65,26.60,6.20,383.26,0.15,0.35,3.68,0.00,0.20,0.25,1.95,1091.00,35.20,29.00,0.82,17.00,21.71,278.00,3.00,5.08,1.11,2.70,193.00,4.25,0.00
1.65,161.40,3.95,256.91,0.39,0.69,2.51,0.00,0.25,0.03,2.14,563.00,30.25,47.50,1.06,25.25,13.87,196.50,4.50,6.94,2.52,1.90,430.00,4.25,0.00
3.07,162.00,4.20,250.58,0.37,0.68,2.52,0.00,0.24,0.00,2.14,572.00,24.50,59.00,1.03,25.13,3.36,193.00,4.00,7.01,2.52,1.30,510.00,2.75,0.00
2.35,176.20,3.70,194.12,0.33,0.55,0.80,0.04,0.23,0.00,1.56,332.00,0.00,62.00,0.69,25.13,6.73,209.00,6.00,7.21,2.54,1.40,480.00,3.00,0.00
2.06,123.60,2.40,234.70,0.34,0.69,0.84,0.00,0.21,0.02,1.45,525.00,0.59,60.00,0.64,25.13,6.27,141.00,4.00,5.40,1.78,0.60,556.00,4.25,0.00
1.65,120.00,6.60,438.10,0.34,0.62,4.43,0.03,0.18,0.31,1.54,1411.00,9.13,12.00,1.42,23.00,3.56,229.00,2.00,6.02,2.34,1.70,208.00,4.25,0.00
1.65,0.00,9.60,503.40,0.43,0.30,4.13,0.02,0.14,0.43,0.56,2339.00,1.10,47.00,0.78,28.00,38.72,252.00,6.00,4.34,0.81,5.60,496.00,4.25,0.00
1.65,159.60,2.10,246.15,0.38,0.67,2.46,0.00,0.26,0.00,2.09,566.50,21.38,60.50,1.05,24.25,13.31,170.00,4.50,7.11,2.45,1.25,624.50,4.25,0.00
1.12,171.40,2.40,212.10,0.37,0.55,0.75,0.00,0.19,0.00,1.43,311.00,2.05,43.00,0.69,25.13,12.20,200.00,3.00,7.25,2.55,0.90,415.00,5.00,0.00
1.65,162.80,8.00,489.50,0.43,0.74,4.51,0.00,0.14,0.31,1.58,1373.00,5.00,17.00,1.62,26.50,13.87,293.00,2.00,6.25,2.76,2.20,227.00,4.25,0.00
1.65,0.00,48.90,669.30,0.46,0.32,4.68,0.00,0.16,0.44,0.52,2367.00,1.77,106.00,0.88,28.00,72.00,275.00,7.00,4.35,0.88,7.00,1745.00,4.25,0.00
1.65,28.60,4.80,388.20,0.09,0.34,3.37,0.00,0.15,0.26,1.68,1224.00,17.50,17.00,0.81,17.50,15.19,346.00,1.00,5.07,1.14,2.30,236.00,4.25,0.00
1.65,158.80,2.40,274.00,0.45,0.65,2.25,0.00,0.25,0.00,2.05,586.50,4.71,69.00,1.06,25.25,12.49,173.50,4.50,7.18,2.38,1.15,772.00,4.25,0.00
3.95,162.00,2.90,255.55,0.36,0.64,2.36,0.00,0.23,0.00,1.98,578.00,5.07,64.00,1.04,25.13,21.24,170.50,3.50,7.17,2.36,1.50,542.00,4.25,0.00
2.07,121.20,3.25,271.10,0.31,0.64,0.78,0.00,0.19,0.00,1.37,531.00,4.16,50.50,0.63,25.13,22.18,136.00,4.50,7.08,1.66,0.70,433.50,4.25,0.00
1.65,108.80,8.50,396.60,0.27,0.60,4.56,0.00,0.10,0.39,1.08,1733.00,4.20,24.00,1.23,25.13,22.09,263.00,2.00,5.86,2.36,2.40,241.00,4.25,0.00
1.65,0.00,9.20,342.70,0.38,0.31,3.70,0.01,0.13,0.39,0.31,2440.00,0.51,26.00,0.81,25.13,25.69,284.00,3.00,4.30,0.86,3.80,341.00,4.25,0.00
1.65,170.10,2.90,239.40,0.50,0.32,2.35,0.53,0.26,0.19,1.99,586.00,3.30,55.00,1.70,25.13,20.50,166.00,3.50,7.17,2.33,1.20,588.50,4.25,0.00
1.05,174.00,3.10,174.13,0.34,0.58,0.63,0.00,0.20,0.00,1.65,332.50,3.10,37.50,0.66,25.13,9.20,202.00,2.00,7.37,2.70,0.85,359.50,4.25,0.00
1.65,178.40,10.40,487.60,0.35,0.89,5.10,0.00,0.15,0.44,0.12,1630.00,7.99,14.00,1.48,27.00,13.54,306.00,1.00,6.30,3.43,2.70,147.00,4.25,0.00
1.65,0.00,8.40,502.82,0.33,0.34,4.29,0.00,0.13,0.41,0.26,2521.00,7.47,17.00,0.83,27.50,35.20,282.00,1.00,4.33,1.02,6.20,249.00,4.25,0.00
1.65,159.10,3.10,241.59,0.35,33.84,2.29,0.00,0.24,0.00,2.05,598.50,2.44,50.00,0.99,23.75,25.83,167.50,3.00,7.20,2.50,1.45,475.50,4.25,0.00
1.82,163.00,3.10,239.83,0.35,0.67,2.38,0.00,0.26,0.00,2.05,615.00,2.37,56.00,0.95,25.13,9.40,166.00,3.00,7.17,2.52,1.00,467.00,4.25,0.00
1.69,124.40,4.10,263.13,0.30,0.67,0.74,0.00,0.19,0.00,1.27,536.00,0.34,32.00,0.59,25.13,15.12,147.00,3.00,7.12,1.77,0.70,351.00,4.25,0.00
1.65,251.20,14.80,600.69,0.38,1.18,5.69,0.00,0.13,0.58,0.82,1819.50,8.62,7.00,1.76,32.50,24.10,332.50,2.00,6.51,4.42,2.80,179.50,4.25,0.00
1.65,0.00,11.10,656.29,0.48,0.42,5.38,0.00,0.19,0.50,0.16,2811.00,4.10,18.00,0.99,28.50,53.19,286.00,2.00,4.33,1.26,8.00,194.00,4.25,0.00
1.65,41.80,8.60,527.15,0.18,0.40,3.78,0.00,0.23,0.33,0.96,1513.00,6.43,0.00,0.83,16.50,25.60,435.00,1.00,5.02,1.40,2.10,194.00,4.25,0.00
1.65,157.60,4.30,262.84,0.39,0.71,2.32,0.00,0.27,0.00,1.84,610.00,0.98,37.00,1.08,23.50,23.88,168.00,2.00,7.18,2.57,1.40,388.00,4.25,0.00
1.65,194.00,19.80,826.70,0.51,1.45,5.77,0.00,0.13,0.81,0.59,2055.00,8.50,12.00,1.83,39.00,18.90,384.00,2.00,6.48,5.51,2.00,255.00,4.25,0.00
1.65,162.20,4.20,317.20,0.41,0.70,2.36,0.00,0.29,0.00,2.00,646.00,1.70,55.00,1.08,24.50,10.40,158.00,3.00,7.16,2.57,0.80,620.00,4.25,0.00
0.73,173.40,3.70,215.50,0.35,0.57,0.66,0.00,0.19,0.00,1.56,363.00,1.70,27.00,0.64,25.13,23.10,187.00,2.00,7.14,2.67,1.70,280.00,7.75,0.00
1.35,164.50,2.75,285.60,0.37,0.68,2.98,0.00,0.27,0.00,1.97,609.50,1.80,40.50,0.97,25.13,21.70,170.00,3.00,7.02,2.51,1.70,405.00,5.00,0.00
1.03,127.50,2.40,288.35,0.28,0.67,0.98,0.00,0.21,0.00,1.20,556.50,2.95,31.50,0.58,25.13,18.20,148.50,3.00,7.00,1.75,0.60,379.50,4.25,0.00
1.65,166.90,12.65,700.00,0.21,0.91,6.45,0.00,0.15,0.59,0.75,2035.50,14.00,31.50,1.27,28.25,28.90,335.00,4.50,5.88,3.64,2.85,298.00,4.25,0.00
1.65,0.00,8.80,713.70,0.25,0.48,6.43,0.00,0.12,0.52,0.07,3591.00,0.60,28.00,0.88,35.50,43.30,342.00,3.00,3.99,1.45,6.60,341.00,4.25,0.00
1.65,34.00,9.50,674.60,0.06,0.50,6.31,0.00,0.28,0.54,0.52,2200.00,5.10,37.00,0.79,25.13,50.70,382.00,4.00,4.81,1.89,3.30,356.00,4.25,0.00
1.65,159.00,2.60,302.30,0.36,0.68,1.82,0.00,0.28,0.00,1.88,607.00,1.90,46.00,0.99,24.50,24.50,160.00,3.00,7.09,2.48,1.30,460.00,4.25,0.00
0.95,167.60,2.10,209.25,0.31,0.54,0.60,0.00,0.19,0.00,1.40,370.00,1.70,30.50,0.62,25.13,12.95,179.50,2.00,6.98,2.48,0.95,403.00,4.25,0.00
1.65,136.40,10.40,668.85,0.22,0.81,4.96,0.02,0.09,0.63,0.75,2044.00,4.95,31.50,1.07,24.75,31.05,300.00,2.50,5.72,3.37,3.90,271.00,4.25,0.00
1.65,13.40,4.90,460.50,0.03,0.38,3.91,0.00,0.07,0.30,1.11,1674.00,3.70,0.00,0.62,17.50,29.80,316.00,1.00,4.64,1.37,2.80,113.00,4.25,0.00
1.65,141.20,2.30,292.50,0.30,0.58,2.17,0.00,0.25,0.02,1.50,736.00,2.10,48.00,0.89,22.90,17.40,155.00,4.00,6.64,2.12,1.70,425.00,4.25,0.00
1.78,141.40,2.20,275.20,0.48,0.77,2.29,0.00,0.22,0.00,1.74,692.00,2.20,39.15,1.26,25.13,13.60,152.00,4.00,6.84,2.66,1.10,454.25,2.75,0.00
1.65,196.40,13.00,734.10,0.32,0.99,5.61,0.02,0.10,0.79,0.47,2175.00,8.50,35.00,1.22,28.00,20.50,315.00,2.00,6.02,3.98,2.50,315.00,4.25,0.00
1.65,0.00,7.30,616.30,0.25,0.36,4.28,0.01,0.07,0.48,0.14,2873.00,0.90,12.00,0.75,32.50,31.00,317.00,1.00,4.34,1.08,5.80,184.00,4.25,0.00
1.65,20.60,6.30,465.00,0.03,0.43,4.43,0.00,0.06,0.39,0.88,1629.00,2.70,25.00,0.75,17.00,24.00,330.00,1.00,4.81,1.57,2.30,149.00,4.25,0.00
1.65,136.30,2.50,279.50,0.34,0.64,2.21,0.00,0.20,0.02,1.58,749.00,2.10,61.50,0.93,22.50,15.60,156.00,3.50,6.75,2.29,1.35,502.50,4.25,0.00
1.56,117.40,3.40,349.90,0.27,0.67,0.79,0.00,0.15,0.03,1.07,601.00,2.70,46.00,0.59,25.13,12.60,122.00,2.00,6.76,1.67,0.70,446.00,4.25,0.00
1.65,0.00,8.70,687.75,0.20,0.40,4.42,0.02,0.08,0.52,0.11,3216.50,0.30,18.00,0.79,34.00,30.45,298.50,2.00,4.05,1.18,6.85,152.00,4.25,0.00
1.65,24.20,7.60,550.60,0.07,0.40,4.62,0.00,0.16,0.40,0.73,1812.00,2.90,0.00,0.76,17.90,13.80,283.00,2.00,4.74,1.46,2.30,117.00,4.25,0.00
1.65,144.00,3.60,273.20,0.33,0.62,2.30,0.00,0.20,0.00,1.62,732.00,0.40,54.00,0.92,22.50,31.40,145.00,4.00,6.76,2.22,0.80,447.00,4.25,0.00
1.65,375.20,25.00,256.40,0.66,1.56,6.41,0.02,0.29,1.28,0.42,2226.00,56.80,34.00,1.67,43.00,37.50,395.00,4.00,6.56,6.30,2.80,530.00,4.25,0.00
1.65,0.00,10.20,874.90,0.26,0.47,5.67,0.02,0.09,0.65,0.06,3628.00,2.20,0.00,0.90,31.50,37.20,216.00,2.00,4.11,1.52,7.50,171.00,4.25,0.00
1.65,39.80,9.10,502.40,0.03,0.40,4.93,0.00,0.08,0.50,0.52,1731.00,4.90,28.00,0.75,16.50,27.10,281.00,2.00,4.96,1.50,2.60,260.00,4.25,0.00
1.65,240.20,2.60,294.70,0.33,0.62,2.31,0.00,0.25,0.00,1.64,782.00,6.10,43.00,0.92,22.50,16.60,132.00,3.00,6.98,2.32,1.40,574.00,4.25,0.00
0.97,169.40,2.40,252.20,0.33,0.53,0.62,0.00,0.20,0.00,1.30,400.00,3.20,27.00,0.64,25.13,8.70,171.00,3.00,6.98,2.39,0.10,405.00,5.00,0.00
2.53,145.60,17.10,306.60,0.35,0.63,2.35,0.00,0.21,0.00,1.65,781.00,6.00,43.00,0.93,25.13,12.00,143.00,3.00,6.89,2.34,0.80,469.00,3.00,0.00
1.16,119.70,2.40,260.10,0.30,0.71,0.78,0.00,0.17,0.02,1.11,609.00,1.45,43.00,0.63,25.13,15.55,132.50,3.00,6.89,1.86,0.60,423.50,4.25,0.00
1.65,358.30,22.35,674.90,0.55,1.49,6.04,0.02,0.15,1.23,0.31,2234.50,42.15,40.50,1.54,43.50,70.20,456.50,4.00,6.49,5.98,4.25,596.50,4.25,0.00
1.65,144.20,3.10,291.20,0.34,0.63,2.23,0.00,0.23,0.00,1.66,765.00,1.20,96.00,0.94,23.50,40.20,141.00,4.00,6.98,2.34,1.10,798.00,4.25,0.00
1.65,360.80,21.30,679.60,0.64,1.44,6.02,0.02,0.17,1.08,0.29,2148.00,42.30,40.00,1.56,42.00,26.90,456.00,5.00,6.37,5.82,4.20,706.00,4.25,0.00
1.65,54.40,13.40,524.10,0.17,0.44,4.79,0.02,0.12,0.53,0.98,1599.00,4.30,100.00,0.83,17.50,19.80,299.00,9.00,5.12,1.66,3.10,905.00,4.25,0.00
1.65,133.40,2.70,256.85,0.33,0.62,2.22,0.00,0.21,0.00,1.56,726.50,2.65,42.50,0.95,22.25,14.75,127.00,2.00,6.95,2.34,1.40,658.00,4.25,0.00
3.39,144.00,2.80,243.80,0.35,0.65,2.28,0.00,0.24,0.02,1.61,719.00,2.10,0.00,0.97,25.13,13.80,139.00,1.00,6.83,2.47,0.90,463.00,4.25,0.00
1.39,123.00,7.60,267.50,0.28,0.70,0.74,0.00,0.15,0.00,1.04,592.00,2.00,0.00,0.63,25.13,19.00,120.00,2.00,6.88,1.92,0.40,363.00,4.25,0.00
1.65,318.80,18.00,645.70,0.57,1.28,6.85,0.02,0.20,0.83,0.60,1766.00,43.00,38.00,1.56,40.00,39.00,392.00,5.00,6.44,5.23,2.80,544.00,4.25,0.00
1.65,0.00,12.30,721.80,0.19,0.60,6.37,0.02,0.16,0.76,0.16,4223.00,10.00,22.00,0.96,38.50,64.00,306.00,4.00,4.06,2.00,6.80,305.00,4.25,0.00
1.65,38.20,11.10,556.20,0.06,0.45,6.36,0.00,0.19,0.54,0.71,1985.00,34.00,21.00,0.80,25.13,55.00,405.00,3.00,4.95,1.77,1.70,241.00,4.25,0.00
1.65,146.80,3.30,254.15,0.33,0.60,2.26,0.00,0.21,0.00,1.59,705.50,8.00,53.50,0.93,23.00,28.00,135.00,3.50,6.03,2.34,0.00,593.50,4.25,0.00
1.65,283.80,15.10,629.20,0.44,1.17,6.94,0.02,0.13,0.77,0.77,1781.00,52.60,23.00,1.60,36.50,29.40,363.00,4.00,6.28,4.82,3.10,443.00,4.25,0.00
1.65,0.00,9.90,745.80,0.19,0.60,4.60,0.02,0.12,0.66,0.11,4404.00,1.80,0.00,0.88,42.50,42.50,311.00,2.00,3.87,1.96,6.30,220.00,4.25,0.00
1.65,146.30,3.15,255.20,0.33,0.60,2.13,0.00,0.23,0.00,1.66,726.50,3.10,67.00,0.93,23.25,18.85,128.50,3.50,6.99,2.37,1.45,782.50,4.25,0.00
3.47,153.00,2.80,255.70,0.36,0.61,2.26,0.00,0.24,0.00,1.69,719.00,2.70,52.00,0.95,25.13,15.80,146.00,2.00,6.73,2.42,1.40,523.00,3.00,0.00
1.74,168.60,2.80,208.20,0.36,0.57,0.52,0.00,0.20,0.00,1.38,393.00,1.00,32.00,0.66,25.13,8.80,169.00,2.00,6.86,2.54,0.70,435.00,4.25,0.00
1.65,124.20,2.80,243.50,0.28,0.66,0.68,0.00,0.19,0.00,1.16,587.50,11.45,35.50,0.57,25.13,14.00,122.50,0.50,6.83,1.71,1.00,407.50,4.25,0.00
1.65,315.00,15.70,579.30,0.60,1.28,6.43,0.02,0.22,0.79,0.77,1745.00,15.40,29.00,1.63,38.00,22.90,415.00,4.00,6.29,4.84,3.40,440.00,4.25,0.00
1.65,0.00,10.80,716.40,0.24,0.67,4.64,0.02,0.15,0.72,0.10,4179.00,0.40,27.00,0.88,40.50,50.20,285.00,3.00,3.93,2.02,6.60,449.00,4.25,0.00
1.65,40.60,9.40,515.70,0.07,0.48,5.92,0.00,0.25,0.54,0.66,1952.00,10.50,24.00,0.84,19.50,34.50,368.00,2.00,4.92,1.78,3.00,205.00,4.25,0.00
1.65,142.80,3.00,238.10,0.35,0.61,2.18,0.00,0.25,0.00,1.79,708.00,1.80,66.00,0.92,22.00,16.80,137.00,3.00,6.87,2.21,0.80,663.00,4.25,0.00
1.65,164.40,11.90,775.20,0.37,0.91,5.56,0.02,0.15,0.76,0.78,2286.00,1.50,17.00,1.34,29.40,24.60,304.00,2.00,5.72,3.68,3.30,256.00,4.25,0.00
1.65,0.00,7.70,753.40,0.24,0.57,3.74,0.02,0.15,0.61,0.11,3791.00,0.30,21.00,0.85,40.50,51.50,298.00,2.00,3.90,1.75,5.50,283.00,4.25,0.00
1.65,16.00,5.40,568.50,0.05,0.45,4.49,0.00,0.21,0.40,1.11,1940.00,1.60,13.00,0.77,21.10,49.10,298.00,1.00,4.61,1.66,2.60,180.00,4.25,0.00
1.65,146.80,1.75,274.90,0.35,0.63,2.10,0.00,0.21,0.00,1.59,708.00,0.65,48.50,0.94,23.85,32.60,143.00,3.00,6.77,2.35,1.50,525.50,4.25,0.00
3.30,150.20,1.30,305.00,0.36,0.64,2.24,0.00,0.21,0.00,1.59,714.00,0.30,46.00,0.94,25.13,15.70,150.00,3.00,6.80,2.38,0.80,447.00,3.00,0.00
2.44,112.80,4.00,265.00,0.30,0.64,0.81,0.00,0.18,0.02,1.03,656.00,2.20,48.00,0.58,25.13,12.30,124.00,3.00,6.57,1.67,0.50,446.00,4.25,0.00
1.65,122.60,11.50,672.70,0.40,0.78,5.41,0.01,0.18,0.69,0.74,2468.00,1.20,21.00,1.08,25.00,17.10,268.00,3.00,5.50,3.21,3.60,255.00,4.25,0.00
1.65,0.00,7.05,621.30,0.28,0.45,3.48,0.00,0.20,0.53,0.16,3689.50,2.35,16.00,0.72,38.70,30.70,293.00,2.00,3.94,1.37,6.45,251.00,4.25,0.00
1.65,10.00,5.20,505.10,0.19,0.45,4.53,0.00,0.14,0.37,1.11,2032.00,1.20,23.00,0.73,18.50,21.30,291.00,2.00,4.56,1.67,2.90,208.00,4.25,0.00
1.65,146.80,3.20,275.80,0.33,0.61,2.20,0.00,0.21,0.02,1.59,746.00,0.30,37.00,0.88,22.90,12.80,143.00,4.00,6.67,2.27,1.60,388.00,4.25,0.00
2.32,161.20,1.50,209.00,0.32,0.51,0.53,0.00,0.18,0.00,1.28,407.00,0.20,37.00,0.61,25.13,9.00,178.00,3.00,6.87,2.34,0.70,421.00,4.75,0.00
1.65,83.30,8.20,567.50,0.34,0.61,4.80,0.00,0.18,0.49,0.82,2113.00,1.40,27.00,0.97,22.25,29.20,193.00,3.50,5.48,2.48,3.35,270.50,4.25,0.00
1.65,0.00,5.20,402.00,0.17,0.34,3.91,0.00,0.14,0.22,1.16,1576.00,0.00,0.00,0.60,18.40,12.80,217.00,2.00,4.69,1.22,1.70,125.00,4.25,0.00
1.65,144.40,1.70,399.00,0.33,0.59,2.36,0.00,0.21,0.02,1.61,735.00,4.20,45.00,0.88,23.60,10.00,164.00,3.00,6.70,2.23,1.10,363.00,4.25,0.00
4.42,145.80,1.70,280.00,0.35,0.60,2.41,0.00,0.22,0.02,1.61,743.00,6.10,46.00,0.90,25.13,20.80,168.00,3.00,6.41,2.27,1.10,410.00,3.25,0.00
3.01,110.80,1.40,266.00,0.29,0.61,0.83,0.00,0.19,0.00,1.11,629.50,2.90,61.00,0.56,25.13,12.45,150.50,3.00,6.36,1.63,0.40,434.00,4.25,0.00
1.65,95.40,9.00,519.00,0.29,0.59,5.34,0.00,0.20,0.46,0.90,1793.00,4.81,19.00,1.02,21.90,17.20,206.00,2.00,5.53,2.40,2.20,179.00,4.25,0.00
1.65,0.00,5.50,480.00,0.27,0.33,4.20,0.00,0.17,0.38,0.32,2460.00,0.03,20.00,0.64,31.50,21.20,261.00,2.00,3.93,0.88,3.70,186.00,4.25,0.00
1.65,7.20,3.80,380.00,0.14,0.31,2.29,0.00,0.18,0.23,1.22,1385.00,2.89,0.00,0.63,17.30,19.40,214.00,1.00,4.60,1.10,1.40,108.00,4.25,0.00
1.65,175.50,2.05,275.50,0.34,0.60,1.87,0.00,0.22,0.02,1.59,735.50,12.27,53.00,0.89,22.75,15.80,181.50,3.00,6.41,2.27,0.90,358.50,4.25,0.00
1.65,108.00,8.50,481.20,0.35,0.59,4.53,0.00,0.31,0.44,1.02,1726.00,29.10,23.00,1.01,21.60,15.40,211.00,3.00,5.77,2.39,0.20,213.00,4.25,0.00
1.65,0.00,8.00,525.40,0.28,0.28,4.34,0.00,0.20,0.35,0.31,2358.00,7.20,22.00,0.64,28.40,36.00,245.00,2.00,4.11,0.81,2.50,326.00,4.25,0.00
1.65,9.60,4.90,351.90,0.15,0.30,2.44,0.00,0.21,0.25,1.09,1327.00,5.30,14.00,0.62,16.50,34.90,207.00,2.00,4.73,1.08,5.40,257.00,4.25,0.00
1.65,139.60,4.40,311.20,0.35,0.58,2.45,0.00,0.24,0.02,1.62,739.00,28.30,50.00,0.89,23.00,28.30,158.00,3.00,6.38,2.20,2.50,403.00,4.25,0.00
1.65,112.60,6.90,431.00,0.33,0.60,5.96,0.00,0.24,0.45,1.09,1471.00,21.00,21.00,1.09,21.90,20.00,192.00,2.00,5.94,2.37,1.90,164.00,4.25,0.00
1.65,0.00,6.20,441.00,0.28,0.29,5.04,0.00,0.19,0.36,0.27,2200.00,11.00,19.00,0.66,29.20,30.00,226.00,2.00,4.11,0.81,4.10,255.00,4.25,0.00
1.65,10.80,4.00,309.00,0.14,0.28,4.75,0.00,0.21,0.24,1.13,1201.00,5.00,0.00,0.63,16.00,20.00,219.00,1.00,4.75,0.96,1.50,94.00,4.25,0.00
1.65,143.10,2.50,267.00,0.34,0.60,2.73,0.00,0.23,0.02,1.70,732.50,39.50,40.00,0.89,23.45,20.00,183.50,4.00,6.35,2.28,0.95,345.50,4.25,0.00
1.65,0.00,6.80,470.00,0.28,0.30,7.31,0.00,0.18,0.38,0.25,2395.00,1.10,15.00,0.71,21.00,30.00,216.00,1.00,4.14,0.86,3.50,188.00,4.25,0.00
1.65,14.20,3.40,310.00,0.11,0.28,6.62,0.00,0.18,0.23,1.19,1199.00,6.50,18.00,0.66,15.10,10.00,186.00,1.00,4.92,0.93,1.20,105.00,4.25,0.00
1.65,145.40,2.70,260.00,0.32,0.60,3.34,0.00,0.23,0.03,1.72,694.00,64.30,38.00,0.90,24.10,10.00,196.00,3.00,6.38,2.25,1.00,301.00,4.25,0.00
0.99,164.00,1.70,210.00,0.32,0.52,1.18,0.13,0.19,0.02,1.31,381.00,15.60,52.00,0.60,25.13,30.00,238.00,4.00,6.57,2.45,0.80,425.00,3.50,0.00
1.06,122.20,2.40,270.00,0.28,0.62,1.52,0.00,0.18,0.04,1.15,612.00,2.90,71.00,0.55,25.13,40.00,207.00,5.00,6.27,1.71,1.00,560.00,4.25,0.00
0.77,149.20,2.40,270.00,0.34,0.61,3.82,0.00,0.24,0.04,1.74,718.00,57.50,44.00,0.89,25.13,10.00,202.00,4.00,6.35,2.29,0.70,342.00,2.50,0.00
1.65,122.00,8.80,402.00,0.36,0.57,4.55,0.00,0.18,0.22,1.33,984.00,63.00,25.00,1.20,21.00,23.00,256.00,3.00,5.86,2.21,2.10,221.00,4.25,0.00
1.65,24.00,4.70,271.50,0.17,0.30,3.78,0.00,0.14,0.13,1.50,900.50,27.50,6.00,0.63,14.65,22.50,262.00,3.50,4.88,0.99,1.65,222.00,4.25,0.00
1.65,155.00,2.80,289.00,0.36,0.67,2.84,0.00,0.24,0.03,1.79,681.00,73.00,26.00,0.96,23.50,17.00,246.00,3.00,6.25,2.57,1.50,300.00,4.25,0.00
1.06,159.00,2.60,246.00,0.36,0.67,2.84,0.00,0.23,0.03,1.76,688.00,73.00,37.00,0.94,25.13,12.00,261.00,4.00,6.12,2.56,1.40,367.00,4.00,0.00
1.18,167.00,2.10,177.00,0.34,0.57,0.99,0.10,0.17,0.00,1.38,349.00,33.00,42.00,0.62,25.13,16.00,282.00,4.00,6.41,2.71,2.10,401.00,4.75,0.00
1.65,152.00,8.10,362.00,0.41,0.66,4.56,0.00,0.18,0.22,1.46,1029.00,2.70,26.00,1.39,24.00,17.00,217.00,2.00,6.23,2.54,1.00,213.00,4.25,0.00
1.65,0.00,8.80,444.00,0.20,0.25,5.50,0.00,0.09,0.33,0.34,2030.00,2.70,36.00,0.64,24.50,17.00,258.00,5.00,4.08,0.70,1.00,628.00,4.25,0.00
1.65,21.00,4.60,290.00,0.14,0.30,4.31,0.00,0.13,0.18,1.57,907.00,2.70,27.00,0.67,14.50,17.00,230.00,2.00,4.91,1.03,1.00,256.00,4.25,0.00
1.65,152.50,3.25,225.00,0.37,0.68,2.81,0.00,0.23,0.04,1.77,644.00,2.70,67.00,0.96,23.50,17.00,203.00,4.00,6.41,2.60,1.00,692.00,4.25,0.00
1.65,160.50,9.20,464.00,0.42,0.71,4.30,0.00,0.18,0.31,1.29,1173.00,2.70,24.50,1.43,24.50,17.00,264.50,1.50,6.02,2.80,1.00,287.50,4.25,0.00
1.65,0.00,9.10,472.00,0.21,0.24,5.10,0.00,0.12,0.34,0.34,1966.00,2.70,49.00,0.64,24.50,17.00,250.00,4.00,4.01,0.66,1.00,637.00,4.25,0.00
1.65,223.00,2.90,273.00,0.36,0.67,2.79,0.00,0.24,0.03,1.82,664.00,2.70,54.00,0.96,24.60,17.00,159.00,2.00,6.66,2.61,1.00,542.00,4.25,0.00
1.65,134.00,10.90,550.00,0.34,0.69,4.93,0.00,0.13,0.38,1.13,1496.00,2.70,39.00,1.39,23.00,17.00,246.00,4.00,5.80,2.79,1.00,347.00,4.25,0.00
1.65,0.00,12.20,488.00,0.27,0.28,4.28,0.00,0.12,0.42,0.28,2033.00,2.70,94.00,0.68,24.60,17.00,234.00,11.00,4.17,0.81,1.00,994.00,4.25,0.00
1.65,26.50,6.30,375.50,0.13,0.35,3.86,0.00,0.15,0.23,1.28,1219.00,2.70,16.50,0.74,16.00,17.00,243.50,3.00,4.91,1.25,1.00,265.00,4.25,0.00
1.65,158.00,3.40,262.00,0.37,0.66,2.72,0.00,0.25,0.00,1.76,644.00,2.70,70.00,0.96,23.00,17.00,137.00,4.00,6.91,2.53,1.00,610.00,4.25,0.00
1.39,163.00,3.40,237.00,0.35,0.67,2.67,0.00,0.22,0.00,1.73,662.00,0.90,75.00,0.95,25.13,4.00,141.00,4.00,6.91,2.54,0.70,693.00,4.25,0.00
0.49,173.00,2.60,175.00,0.35,0.56,0.91,0.00,0.18,0.00,1.32,353.00,0.00,43.00,0.63,25.13,2.00,178.00,4.00,7.13,2.66,0.40,453.00,4.25,0.00
1.65,206.00,13.60,548.00,0.46,0.85,3.29,0.00,0.12,0.43,0.79,1347.00,21.00,29.00,1.56,28.00,12.00,267.00,3.00,6.29,3.49,3.20,301.00,4.25,0.00
1.65,0.00,11.70,512.00,0.27,0.26,4.91,0.00,0.09,0.44,0.19,2051.00,0.80,36.00,0.69,24.00,66.00,227.00,4.00,4.14,0.78,4.70,478.00,4.25,0.00
1.65,25.00,6.40,395.00,0.15,0.33,3.69,0.00,0.16,0.25,1.33,1164.00,28.00,0.00,0.77,15.50,12.00,268.00,3.00,4.91,1.19,1.90,171.00,4.25,0.00
1.65,160.00,3.00,232.50,0.36,0.67,2.50,0.00,0.22,0.00,1.75,672.50,0.05,60.50,0.96,23.75,3.00,139.50,3.50,6.96,2.53,0.45,650.50,4.25,0.00
1.65,146.80,6.00,481.00,0.25,0.56,3.46,0.00,0.05,0.37,0.58,1688.00,2.70,81.00,0.97,25.13,17.00,227.00,4.00,6.35,2.29,1.00,1250.00,4.25,0.00
1.65,146.80,4.00,390.00,0.09,0.36,3.46,0.00,0.04,0.27,0.87,1571.00,2.70,36.00,0.60,25.13,17.00,227.00,2.00,6.35,1.36,1.00,478.00,4.25,0.00
1.65,146.80,2.70,239.00,0.35,0.65,3.46,0.00,0.22,0.00,1.74,681.00,2.70,52.00,0.94,25.13,17.00,227.00,2.00,6.35,2.47,1.00,735.00,4.25,0.00
1.65,146.80,8.40,541.00,0.48,0.88,3.46,0.00,0.08,0.38,0.50,1837.00,2.70,111.00,1.32,25.13,17.00,227.00,8.00,6.35,3.83,1.00,1898.00,4.25,0.00
1.65,146.80,7.10,472.00,0.26,0.29,3.46,0.00,0.07,0.37,0.12,2410.00,2.70,92.00,0.73,25.13,17.00,227.00,5.00,6.35,0.86,1.00,1668.00,4.25,0.00
1.65,146.80,4.90,371.00,0.06,0.35,3.46,0.00,0.05,0.30,1.03,1389.00,2.70,39.00,0.66,25.13,17.00,227.00,1.00,6.35,1.31,1.00,544.00,4.25,0.00
1.65,146.80,4.20,274.00,0.37,0.65,3.46,0.00,0.25,0.00,1.72,704.00,2.70,64.00,0.96,25.13,17.00,227.00,3.00,6.35,2.51,1.00,800.00,4.25,0.00
1.65,146.80,9.10,568.00,0.47,1.04,3.46,0.00,0.12,0.40,0.71,1701.00,2.70,111.00,1.62,25.13,17.00,227.00,8.00,6.35,4.38,1.00,1788.00,4.25,0.00
1.65,146.80,6.40,510.00,0.29,0.36,3.46,0.00,0.05,0.46,0.10,2448.00,2.70,28.00,0.84,25.13,17.00,227.00,1.00,6.35,1.12,1.00,520.00,4.25,0.00
1.65,146.80,5.20,429.00,0.06,0.40,3.46,0.00,0.04,0.38,0.68,1488.00,2.70,44.00,0.75,25.13,17.00,227.00,2.00,6.35,1.50,1.00,639.00,4.25,0.00
1.65,146.80,2.70,257.00,0.39,0.68,3.46,0.00,0.20,0.00,1.70,687.00,2.70,38.00,0.99,25.13,17.00,227.00,1.00,6.35,2.63,1.00,571.00,4.25,0.00
0.45,166.00,1.90,199.00,0.33,0.55,0.87,0.00,0.19,0.00,1.35,378.00,0.00,37.00,0.61,25.13,7.00,169.00,2.00,6.85,2.60,0.30,422.00,5.50,0.00
1.65,305.00,30.20,956.00,0.59,1.39,5.35,0.00,0.18,1.13,0.53,1776.00,96.00,85.00,1.68,36.50,47.00,360.00,5.00,6.15,5.63,4.40,804.00,4.25,0.00
1.65,36.00,8.00,502.00,0.05,0.39,4.43,0.00,0.07,0.36,0.69,1444.00,10.00,36.50,0.72,16.10,11.00,369.50,3.50,4.82,1.46,1.55,372.00,4.25,0.00
1.65,155.00,2.60,421.00,0.45,0.67,2.59,0.00,0.31,0.00,1.76,703.00,1.00,102.00,1.02,22.50,15.00,140.00,2.00,6.76,2.59,0.40,693.00,4.25,0.00
1.65,146.80,13.70,608.00,0.49,1.19,3.46,0.00,0.20,0.58,0.81,1395.00,2.70,211.00,1.83,25.13,17.00,227.00,20.00,6.35,4.37,1.00,3889.00,4.25,0.00
1.65,146.80,7.40,564.00,0.15,0.41,3.46,0.00,0.09,0.44,0.64,1466.00,2.70,175.00,0.83,25.13,17.00,227.00,11.00,6.35,1.46,1.00,1906.00,4.25,0.00
1.65,146.80,2.70,263.00,0.42,0.71,3.46,0.00,0.23,0.00,1.73,726.00,2.70,66.00,1.04,25.13,17.00,227.00,3.00,6.35,2.71,1.00,823.00,4.25,0.00
1.65,146.80,3.30,280.00,0.39,0.70,2.50,0.00,0.22,0.00,1.71,709.00,2.70,78.00,1.01,25.13,17.00,227.00,3.00,6.35,2.66,1.00,869.00,4.25,0.00
1.65,146.80,3.30,352.00,0.48,0.73,2.58,0.00,0.30,0.00,1.72,692.00,2.70,68.00,1.12,25.13,17.00,227.00,3.00,6.35,2.80,1.00,923.00,4.25,0.00
0.84,144.00,2.20,299.00,0.38,0.66,2.59,0.00,0.24,0.00,1.78,708.00,0.40,51.00,0.98,25.13,5.70,142.00,2.00,6.04,2.62,0.00,504.00,3.25,0.00
0.53,177.00,2.00,210.00,0.37,0.53,0.90,0.00,0.20,0.00,1.40,530.00,0.00,36.00,0.64,25.13,5.00,166.00,2.00,6.14,2.71,0.00,452.00,6.25,0.00
0.97,165.00,2.20,271.00,0.41,0.72,2.54,0.00,0.25,0.00,1.78,648.00,1.00,47.00,1.04,25.13,8.00,142.00,2.00,6.17,2.75,0.40,467.00,4.50,0.00
0.57,178.00,1.40,196.00,0.41,0.60,0.75,0.00,0.18,0.00,1.39,424.00,2.00,38.00,0.69,25.13,5.00,167.00,2.00,6.44,2.87,0.30,417.00,7.00,0.00
1.65,146.80,10.30,940.00,0.43,1.15,6.95,0.00,0.22,0.40,5.84,1526.00,2.70,147.00,1.75,25.13,17.00,227.00,19.00,6.35,4.50,1.00,1702.00,4.25,0.00
1.65,146.80,11.90,974.00,0.17,1.14,3.91,0.00,0.14,0.46,2.38,1238.50,2.70,153.00,1.15,25.13,17.00,227.00,14.00,6.35,3.33,1.00,1918.00,4.25,0.00
1.65,146.80,9.00,635.00,0.22,1.05,7.09,0.00,0.11,0.31,4.04,1787.00,2.70,64.00,1.78,25.13,17.00,227.00,7.00,6.35,4.13,1.00,1387.00,4.25,0.00
1.65,146.80,8.60,855.00,0.25,1.01,4.07,0.00,0.13,0.68,2.06,1238.50,2.70,47.00,1.17,25.13,17.00,227.00,3.00,6.35,3.10,1.00,676.00,4.25,0.00
1.65,146.80,7.10,509.00,0.05,0.88,6.26,0.00,0.16,0.31,6.73,1541.00,2.70,66.00,1.01,25.13,17.00,227.00,3.00,6.35,3.02,1.00,833.00,4.25,0.00
1.65,146.80,3.60,369.00,0.44,0.72,2.49,0.00,0.25,0.00,1.76,647.00,2.70,70.00,1.07,25.13,17.00,227.00,3.00,6.35,2.75,1.00,961.00,4.25,0.00
1.65,146.80,5.50,424.00,0.04,0.69,5.33,0.00,0.14,0.30,5.03,1358.00,2.70,71.00,0.95,25.13,17.00,227.00,4.00,6.35,2.38,1.00,943.00,4.25,0.00
0.92,171.00,0.90,251.00,0.43,0.75,2.51,0.00,0.22,0.00,1.78,645.00,2.00,36.00,1.07,25.13,13.00,176.00,2.00,6.71,2.88,0.50,442.00,3.25,0.00
0.60,178.00,0.70,205.00,0.42,0.62,0.67,0.00,0.18,0.00,1.40,404.00,1.00,30.00,0.70,25.13,12.00,198.00,2.00,6.88,2.99,0.30,529.00,5.25,0.00
1.65,44.00,5.45,445.00,0.14,0.62,5.25,0.00,0.25,0.30,4.14,1234.50,3.00,30.00,0.98,23.50,15.00,293.50,3.50,4.92,2.19,1.25,320.00,4.25,0.00
1.65,266.00,14.40,589.00,0.95,1.38,7.89,0.00,0.45,0.61,2.78,1576.00,2.70,31.00,2.02,39.50,17.00,527.00,5.00,5.73,4.92,1.00,489.00,4.25,0.00
1.65,42.50,6.60,439.50,0.07,0.61,6.15,0.00,0.19,0.36,3.24,1410.50,2.70,20.50,0.95,21.75,17.00,330.00,2.00,4.83,2.09,1.00,258.00,4.25,0.00
1.65,225.00,11.50,506.00,0.52,1.17,7.62,0.00,0.46,0.46,3.19,1322.00,2.70,17.00,2.02,35.50,17.00,425.00,2.00,5.69,4.20,1.00,17.00,4.25,0.00
1.65,41.50,6.50,478.00,0.07,0.63,6.71,0.00,0.23,0.38,2.74,1526.00,2.70,17.50,0.96,21.00,17.00,218.00,2.00,4.84,2.13,1.00,17.50,4.25,0.00
1.65,139.00,23.55,1207.50,0.81,1.31,5.05,0.00,1.07,0.76,4.29,1612.00,2.70,58.00,2.14,40.25,17.00,292.50,8.50,5.70,4.84,1.00,58.00,4.25,0.00
1.65,35.00,9.40,737.00,0.20,0.77,6.66,0.00,0.53,0.49,2.59,2049.00,2.70,30.00,1.02,24.00,17.00,368.00,4.00,4.69,2.90,1.00,30.00,4.25,0.00
1.65,159.00,10.00,509.00,0.31,1.10,7.25,0.00,0.55,0.49,4.02,1601.00,2.70,23.00,2.04,32.50,17.00,252.00,2.00,5.88,4.06,1.00,23.00,4.25,0.00
1.65,0.00,8.70,860.00,0.27,1.00,6.45,0.00,0.20,0.79,0.73,1238.50,2.70,0.00,1.14,50.50,17.00,248.00,1.00,3.90,2.94,1.00,0.00,4.25,0.00
1.65,44.50,5.60,518.50,0.08,0.64,7.09,0.00,0.48,0.41,2.57,1707.50,2.70,30.50,1.01,21.75,17.00,360.50,2.00,4.91,2.24,1.00,30.50,4.25,0.00
1.65,162.00,9.40,532.00,0.27,1.00,7.63,0.00,0.44,0.43,3.90,1424.00,39.00,0.00,1.94,31.00,12.00,245.00,1.00,5.88,3.82,1.40,0.00,4.25,0.00
1.65,0.00,9.20,829.00,0.28,0.98,6.78,0.00,0.19,0.81,0.70,1238.50,3.00,21.00,1.14,39.50,40.00,226.00,2.00,4.08,2.92,6.00,21.00,4.25,0.00
1.65,41.50,5.50,485.50,0.07,0.60,7.45,0.00,0.37,0.37,2.21,1579.00,48.00,0.00,0.97,20.50,18.00,344.00,1.00,4.92,2.08,1.60,0.00,4.25,0.00
1.37,168.00,2.60,267.00,0.40,0.72,2.70,0.00,0.22,0.00,1.81,603.00,31.00,37.00,1.01,25.13,9.00,190.00,2.00,6.40,2.79,0.40,37.00,3.75,0.00
1.19,183.00,2.30,202.00,0.40,0.62,0.87,0.10,0.19,0.00,1.36,361.00,0.00,46.00,0.69,25.13,7.00,217.00,3.00,6.59,2.97,0.20,46.00,5.00,0.00
6.93,90.00,6.00,323.00,0.22,0.50,0.52,0.00,0.23,0.09,1.19,729.00,2.50,194.50,0.87,17.00,9.65,125.50,19.50,6.50,1.55,0.00,1359.00,2.25,0.00
3.52,159.00,8.50,297.50,0.24,0.51,0.45,0.00,0.23,0.04,1.29,726.50,1.50,160.00,0.93,17.00,9.65,105.00,18.00,6.51,1.58,0.00,1437.00,1.75,0.00
24.62,197.00,6.50,311.50,0.21,0.54,0.29,0.00,0.21,0.03,1.30,717.50,0.50,433.00,0.99,16.00,9.65,50.00,28.00,7.80,1.67,1.00,2367.00,1.25,0.00
56.58,217.00,6.00,482.00,0.20,0.50,0.26,0.00,0.17,0.05,1.09,724.50,29.50,702.00,0.95,16.00,9.65,19.50,24.00,8.86,1.55,1.00,3443.50,1.00,0.00
11.32,189.00,6.00,541.00,0.21,0.53,0.21,0.00,0.18,0.07,1.05,667.00,143.00,631.00,1.02,17.50,9.65,85.00,15.00,6.64,1.69,2.00,1490.00,1.75,0.00
11.54,93.05,7.00,432.00,0.19,0.51,0.54,0.00,0.19,0.03,0.80,633.00,154.00,190.00,0.98,18.00,9.65,74.00,20.00,6.26,1.62,2.00,1214.00,1.25,0.00
11.73,177.00,5.50,420.00,0.19,0.51,0.19,0.00,0.18,0.03,1.01,653.00,104.00,225.50,0.98,16.00,9.65,73.50,15.00,6.89,1.60,2.50,1601.00,1.50,0.00
18.47,188.00,6.50,343.00,0.20,0.52,0.05,0.00,0.20,0.02,0.98,655.00,8.50,297.00,1.01,15.50,9.65,78.50,19.50,7.12,1.59,0.00,2010.00,1.50,0.00
36.90,217.00,7.00,333.00,0.16,0.49,0.13,0.00,0.20,0.04,0.95,644.50,16.00,395.00,0.92,15.00,9.65,75.50,26.00,6.81,1.50,1.00,2798.00,1.50,0.00
40.55,219.00,9.00,347.00,0.10,0.46,0.28,0.00,0.20,0.04,0.94,661.00,1.50,481.00,0.93,15.00,9.65,53.00,32.00,7.48,1.44,0.00,4207.50,1.00,0.00
13.19,195.00,13.50,401.00,0.16,0.47,0.30,0.00,0.23,0.04,0.97,696.50,16.00,289.70,0.93,16.00,9.65,137.00,23.00,6.30,1.34,0.00,1884.50,1.25,0.00
21.99,265.00,7.50,973.00,0.20,0.55,0.52,0.07,0.26,0.23,0.47,650.50,246.50,289.70,0.80,23.00,9.65,314.50,24.00,6.25,1.78,2.00,1884.50,1.50,0.00
4.72,84.00,7.82,460.00,0.21,0.49,0.84,0.02,0.19,0.12,1.13,597.00,139.00,107.00,0.90,17.00,9.65,109.00,13.00,6.54,1.64,2.00,835.50,2.50,0.00
5.98,87.00,8.00,343.00,0.22,0.52,0.62,0.00,0.22,0.07,1.26,591.00,36.00,145.00,0.99,16.00,9.65,95.00,16.00,6.55,1.69,2.00,979.00,1.50,0.00
6.26,84.00,8.00,304.00,0.26,0.55,0.33,0.00,0.90,0.06,1.38,579.00,1.00,139.00,1.02,16.00,9.65,107.00,22.00,6.57,1.75,0.00,1043.00,1.75,0.00
28.12,193.00,6.50,312.00,0.18,0.48,0.21,0.00,0.19,0.03,1.14,617.50,0.00,362.00,0.88,15.00,9.65,58.50,25.00,7.22,1.45,0.00,1853.00,1.50,0.00
58.96,114.00,6.00,382.00,0.13,0.48,0.57,0.00,0.14,0.07,0.89,780.00,9.00,387.00,0.86,14.00,9.65,17.00,29.00,7.50,1.50,1.00,1884.50,0.75,0.00
21.58,86.00,7.00,408.50,0.13,0.47,1.31,0.02,0.13,0.11,0.85,903.00,6.50,395.50,0.81,15.00,9.65,57.50,13.00,6.35,1.55,1.00,1988.40,0.75,0.00
11.53,71.00,7.00,377.00,0.10,0.45,1.31,0.00,0.13,0.07,0.74,992.00,0.00,223.00,0.78,14.00,9.65,75.00,16.00,6.33,1.42,1.00,1474.50,1.50,0.00
17.71,162.00,7.50,360.00,0.11,0.46,1.09,0.00,0.13,0.06,0.69,988.00,1.00,241.50,0.85,14.00,9.65,28.50,21.50,6.84,1.50,3.00,2152.00,1.25,0.00
35.08,86.00,9.00,348.00,0.12,0.44,0.90,0.00,0.23,0.08,0.41,861.00,0.00,436.00,0.84,14.00,9.65,57.00,27.00,6.69,1.46,1.00,2538.00,1.00,0.00
36.15,97.00,8.00,333.00,0.08,0.48,0.89,0.00,0.16,0.06,0.78,779.00,3.00,357.00,0.89,14.00,9.65,96.00,24.00,6.37,1.58,1.00,2390.00,0.75,0.00
9.18,76.00,9.00,361.00,0.10,0.49,0.97,0.02,0.17,0.06,0.67,793.00,0.00,406.00,0.91,15.00,9.65,108.00,33.00,6.14,1.43,0.00,2845.00,0.75,0.00
18.58,61.40,7.00,543.00,0.22,0.55,1.08,0.03,0.25,0.07,0.90,734.00,92.00,338.00,1.00,16.00,9.65,234.00,28.00,6.15,1.84,2.00,2523.00,0.75,0.00
7.13,107.40,7.85,614.00,0.00,0.47,1.17,0.01,0.21,0.23,0.97,738.00,109.00,292.50,0.78,15.75,157.00,74.00,12.00,6.45,1.77,1.00,2466.00,1.50,0.00
11.93,97.50,6.70,322.00,0.00,0.46,0.88,0.00,0.22,0.12,1.02,661.00,15.00,189.75,0.84,15.75,0.00,172.00,16.50,6.56,1.51,1.00,1446.50,1.25,0.00
16.57,93.40,8.15,340.00,0.00,0.44,0.36,0.00,0.22,0.04,0.99,650.00,0.00,289.70,0.89,15.75,3.00,100.00,21.00,6.60,1.43,0.00,1630.90,1.25,0.00
34.19,125.80,6.51,414.00,0.00,0.47,0.27,0.01,0.16,0.06,0.87,663.00,16.00,715.80,0.89,15.75,2.00,23.00,21.00,9.15,1.49,0.00,3384.87,1.25,0.00
36.61,112.10,8.88,487.00,0.00,0.49,0.65,0.01,0.17,0.14,0.78,794.00,53.00,665.30,0.86,15.75,5.00,59.00,19.50,7.13,1.59,2.00,3063.50,0.75,0.00
15.05,87.40,9.45,448.00,0.00,0.46,0.47,0.00,0.17,0.04,0.67,689.00,0.00,216.70,0.89,15.75,5.00,48.00,15.00,7.14,1.50,1.00,1552.60,1.50,0.00
26.18,93.40,9.43,407.50,0.00,0.46,0.39,0.00,0.18,0.05,0.66,699.00,3.00,390.50,0.92,15.75,5.00,46.00,20.50,7.60,1.49,1.00,2753.10,1.00,0.00
42.27,101.40,9.25,387.00,0.00,0.45,0.39,0.00,0.18,0.07,0.70,698.00,1.00,492.40,0.94,15.75,1.00,74.00,29.00,6.78,1.51,0.00,3746.00,1.25,0.00
38.05,94.00,9.99,388.00,0.00,0.45,0.46,0.00,0.17,0.08,0.76,693.00,1.00,442.10,0.86,15.75,5.00,117.00,34.00,6.40,1.40,0.00,3509.70,0.75,0.00
4.22,76.00,5.94,707.00,0.23,0.41,0.73,0.00,0.29,0.06,0.85,697.00,3.00,121.20,0.89,15.75,9.65,79.00,13.00,6.68,1.41,0.00,974.00,1.25,0.00
6.81,76.60,10.15,356.00,0.18,0.45,0.62,0.00,0.22,0.04,0.88,766.00,0.00,169.10,0.87,15.75,5.00,60.00,23.00,6.46,1.48,1.00,1215.50,1.25,0.00
60.86,104.00,6.72,474.50,0.17,0.46,0.51,0.00,0.21,0.07,0.74,785.00,21.50,703.35,0.92,15.75,14.50,14.00,27.50,8.57,1.54,1.00,3551.40,1.25,0.00
10.99,132.00,8.29,440.00,0.16,0.44,0.55,0.00,0.22,0.05,0.68,721.00,79.00,260.30,0.86,15.75,0.00,78.00,91.00,6.52,1.56,2.00,1311.30,1.25,0.00
21.90,137.00,6.31,404.50,0.16,0.45,0.38,0.00,0.19,0.04,0.62,690.00,0.00,321.75,0.91,15.75,18.50,27.00,16.50,8.83,1.45,0.00,2567.50,0.75,0.00
40.18,98.00,7.71,379.00,0.12,0.44,0.37,0.00,0.16,0.04,0.59,640.00,1.00,482.40,0.91,15.75,36.00,31.00,25.00,8.80,1.47,2.00,3936.30,1.25,0.00
29.89,94.50,8.60,350.00,0.12,0.44,0.39,0.00,0.17,0.04,0.60,645.50,6.00,280.60,0.89,15.75,0.00,52.00,28.50,7.51,1.47,5.00,2561.45,1.25,0.00
58.61,90.00,11.00,370.00,0.11,0.42,0.39,0.00,0.20,0.05,0.65,634.00,6.00,539.40,0.94,15.75,21.00,36.00,38.00,8.63,1.41,0.00,4848.00,0.50,0.00
58.82,84.00,6.65,373.00,0.17,0.47,1.00,0.03,0.18,0.08,0.76,782.00,0.00,521.00,0.86,15.75,52.00,155.00,38.00,6.15,1.52,2.00,3882.00,0.50,0.00
20.82,106.00,8.70,607.00,0.22,0.51,1.35,0.05,0.19,0.22,0.81,806.00,63.00,261.70,0.89,15.75,170.00,250.00,29.00,6.10,1.78,5.00,1794.30,1.25,0.00
22.31,153.00,8.90,1046.00,0.26,0.53,1.48,0.07,0.22,0.49,0.84,785.00,47.00,313.70,0.89,15.75,631.00,406.00,32.00,6.09,1.94,12.00,2601.20,1.25,0.00
6.04,87.80,6.90,386.97,0.22,0.52,1.54,0.00,0.23,0.12,0.92,719.00,69.30,194.00,0.76,15.75,16.32,106.00,21.00,6.67,1.63,2.60,1642.00,1.75,0.00
4.10,80.60,7.70,323.27,0.16,0.40,1.04,0.00,0.23,0.05,1.02,679.00,0.10,120.00,0.81,15.75,16.19,93.00,17.00,6.67,1.37,1.40,892.00,2.00,0.00
15.20,79.20,9.60,386.44,0.17,0.40,0.51,0.00,0.22,0.02,1.12,702.00,1.80,238.00,0.78,15.75,27.31,63.00,19.00,7.12,1.40,1.30,1471.00,1.25,0.00
47.68,112.40,8.90,491.00,0.14,0.42,0.47,0.00,0.21,0.06,0.90,725.00,18.80,557.00,0.83,15.75,11.30,28.00,27.00,7.90,1.44,1.60,2750.00,0.75,0.00
10.13,68.40,7.30,407.20,0.23,0.40,0.97,0.02,0.18,0.09,0.71,1106.00,113.40,222.00,0.68,15.75,26.50,65.00,15.00,5.91,1.38,1.60,1414.00,1.00,0.00
6.81,60.00,9.30,380.30,0.25,0.40,0.65,0.02,0.19,0.07,0.57,1053.00,3.80,174.00,0.73,14.50,11.50,98.00,19.00,5.95,1.43,1.00,1143.00,1.75,0.00
12.44,69.40,9.10,379.80,0.21,0.39,0.23,0.00,0.16,0.06,0.54,952.00,29.50,166.00,0.68,15.75,16.30,68.00,21.00,6.19,1.42,1.70,1755.00,1.25,0.00
25.13,69.20,8.60,340.60,0.22,0.38,0.23,0.00,0.16,0.06,0.61,909.00,0.90,238.00,0.67,15.75,12.40,50.00,30.00,6.48,1.39,1.20,2352.00,1.00,0.00
16.68,61.00,8.20,390.60,0.20,0.39,0.57,0.00,0.17,0.07,0.62,970.00,0.60,321.00,0.67,15.75,19.90,67.00,43.00,6.04,1.24,1.60,2991.00,1.25,0.00
50.84,66.80,7.80,377.00,0.20,0.40,1.19,0.03,0.17,0.16,0.64,1101.00,0.00,393.00,0.66,15.75,8.00,142.00,43.00,5.62,1.31,1.30,2977.00,0.75,0.00
11.65,126.20,2.40,899.00,0.27,0.43,1.94,0.08,0.21,0.41,0.76,982.00,63.00,419.00,0.69,15.75,510.00,344.00,39.00,5.80,1.61,1.30,3456.00,0.75,0.00
5.46,73.00,9.90,308.00,0.22,0.39,1.50,0.00,0.17,0.14,0.17,785.00,0.20,179.00,0.67,15.75,6.00,62.00,20.00,6.52,1.36,0.90,1558.00,1.75,0.00
27.68,70.00,7.30,482.00,0.14,0.40,1.39,0.00,0.14,0.09,0.14,916.00,37.00,285.00,0.73,15.75,7.00,24.00,23.00,6.46,1.40,1.50,1453.00,1.00,0.00
9.27,66.00,8.00,369.00,0.14,0.39,0.73,0.00,0.13,0.04,0.13,745.00,0.10,189.00,0.74,15.75,5.00,45.00,21.00,6.38,1.33,0.70,1632.00,2.00,0.00
9.65,83.00,6.70,358.00,0.13,0.38,0.38,0.00,0.13,0.02,0.13,683.00,11.00,125.00,0.74,15.75,5.00,59.00,15.00,6.45,1.28,0.90,827.00,1.00,0.00
4.09,71.00,6.20,324.00,0.14,0.39,0.35,0.00,0.14,0.02,0.14,657.00,0.00,166.00,0.74,15.75,6.00,157.00,26.00,5.80,1.13,0.60,1242.00,2.25,0.00
10.28,210.00,15.30,2256.00,0.36,0.54,0.01,0.10,0.22,2.33,0.22,843.00,3.00,252.00,0.79,15.75,9.65,691.00,38.00,5.75,2.09,1.00,252.00,1.25,0.00
3.37,150.00,4.00,267.00,0.47,0.82,2.17,0.00,0.27,0.04,2.24,594.00,15.00,79.00,1.11,21.00,17.00,147.00,6.00,6.96,2.83,1.00,1363.00,4.25,0.05
